zotero_key,item_type,year,first_author,authors,title,journal,doi,url,work_id,is_seed,match,status
RE7ZAE2H,journalArticle,2024,Sasak,Sasak; Nowak; Wlodarczyk; Sarniak; Nowak,Effect of Selected Organic Solvents on Hydroxyl Radical-Dependent Light Emission in the Fe2+-EGTA-H2O2 System,Molecules,10.3390/molecules29235635,https://doi.org/10.3390/molecules29235635,W4404822394,1,doi,harvested
J7KFP6EC,journalArticle,2016,Gao,Gao; Mao; Shao; Huang; Zhu,"Why Does 2,3,5,6-Tetrachlorophenol Generate the Strongest Intrinsic Chemiluminescence among All Nineteen Chlorophenolic Persistent Organic Pollutants during Environmentally-friendly Advanced Oxidation Process?",Scientific Reports,10.1038/srep33159,https://doi.org/10.1038/srep33159,W2537343691,1,doi,harvested
M9BNGHW2,journalArticle,1996,Brenner,Brenner; Rosales; Hilgenfeldt; Lohse,Acoustic energy storage in single bubble sonoluminescence,The Journal of the Acoustical Society of America,10.1121/1.416947,https://doi.org/10.1121/1.416947,W2043391374,1,doi,in-universe
SYHTNAWQ,bookSection,2018,Sergey I. Nikitenko,Sergey I. Nikitenko; Rachel Pflieger,Spectroscopic Studies of Nonequilibrium Plasma Generated by Acoustic Cavitation in Aqueous Solutions,,10.1115/1.861851_ch180,https://doi.org/10.1115/1.861851_ch180,W2918781444,1,doi,in-universe
ECTRVSDA,journalArticle,2015,Claire Margaret Frances Whitfield,Claire Margaret Frances Whitfield,Investigation of Cavitating Flow Luminescence for Analytical Spectroscopy,PEARL (University of Plymouth),10.24382/1374,,W2208093563,1,doi,in-universe
UDXS9MAG,journalArticle,2021,Yamawaki,Yamawaki; Okumura; Akamatsu; Nishiuchi; Hata,Study on the Method of Identifying Ultrafine Bubbles Using Ultrasound under the Presence of Solid Nanoparticles,MATEC Web of Conferences,10.1051/matecconf/202133301001,https://doi.org/10.1051/matecconf/202133301001,W3118768779,1,doi,harvested
Y9XRDGDB,journalArticle,2016,. Mohamed,. Mohamed,SONOCHEMISTRY (APPLICATIONS OF ULTRASOUND IN CHEMICAL SYNTHESIS AND REACTIONS): A REVIEW PART I,Al-Azhar Journal of Pharmaceutical Sciences,10.21608/ajps.2016.6890,https://doi.org/10.21608/ajps.2016.6890,W2803488655,1,doi,in-universe
JWT93XEG,journalArticle,2017,Tatartchenko,Tatartchenko,"Sonoluminescence as the PeTa Radiation, Part Two",Optics and Photonics Journal,10.4236/opj.2017.711019,https://doi.org/10.4236/opj.2017.711019,W2768093994,1,doi,harvested
KQVCVWDQ,journalArticle,2016,M.,M.,Particle model of single bubble sonoluminescence,International Journal of Physical Sciences,10.5897/ijps2016.4535,https://doi.org/10.5897/ijps2016.4535,W3098120692,1,doi,harvested
WF6SNDAN,journalArticle,2012,Hauptmann,Hauptmann; Brems; Struyf; Mertens; Heyns; De Gendt; Glorieux,Time-resolved monitoring of cavitation activity in megasonic cleaning systems,Review of Scientific Instruments,10.1063/1.3697710,https://doi.org/10.1063/1.3697710,W1989302971,1,doi,in-universe
G2LL9QIA,journalArticle,2005,Price,Price; Ashokkumar; Hodnett; Zequiri; Grieser,Acoustic Emission from Cavitating Solutions:  Implications for the Mechanisms of Sonochemical Reactions,The Journal of Physical Chemistry B,10.1021/jp0543227,https://doi.org/10.1021/jp0543227,W1985592961,1,doi,in-universe
T8HM8PNF,journalArticle,2021,Yasui,Yasui,Multibubble Sonoluminescence from a Theoretical Perspective,Molecules,10.3390/molecules26154624,https://doi.org/10.3390/molecules26154624,W3190748735,1,doi,harvested
ECGRSC6P,journalArticle,2008,Yasui,Yasui; Tuziuti; Lee; Kozuka; Towata; Iida,The range of ambient radius for an active bubble in sonoluminescence and sonochemical reactions,The Journal of Chemical Physics,10.1063/1.2919119,https://doi.org/10.1063/1.2919119,W2076987214,1,doi,in-universe
EXDRB8L3,journalArticle,2025,Yang,Yang; Wang; Chen; Francisco; Liu,Probing catalyst-free hydroxyl radical generation at microbubble interfaces,Nature Communications,10.1038/s41467-025-63899-w,https://doi.org/10.1038/s41467-025-63899-w,W4414781333,1,doi,harvested
HLJJT4FE,journalArticle,2017,Supponen,Supponen; Obreschkow; Kobel; Farhat,Luminescence from cavitation bubbles deformed in uniform pressure gradients,Physical Review E,10.1103/physreve.96.033114,https://doi.org/10.1103/physreve.96.033114,W2755691876,1,doi,harvested
KBSF5KNX,journalArticle,2014,Pflieger,Pflieger; Chave; Virot; Nikitenko,"Activating Molecules, Ions, and Solid Particles with Acoustic Cavitation",Journal of Visualized Experiments,10.3791/51237,https://doi.org/10.3791/51237,W2095290371,1,doi,harvested
ZS3BWS2D,journalArticle,2015,Crum,Crum,Resource Paper: Sonoluminescence,The Journal of the Acoustical Society of America,10.1121/1.4929687,https://doi.org/10.1121/1.4929687,W1928012539,1,doi,in-universe
5XBR8D2F,journalArticle,2022,Vighetto,Vighetto; Troia; Laurenti; Carofiglio; Marcucci; Canavese; Cauda,Insight into Sonoluminescence Augmented by ZnO-Functionalized Nanoparticles,ACS Omega,10.1021/acsomega.1c05837,https://doi.org/10.1021/acsomega.1c05837,W4220957864,1,doi,harvested
UW5B33CB,journalArticle,2010,Schneider,Schneider; Pflieger; Nikitenko; Shchukin; Möhwald,Line Emission of Sodium and Hydroxyl Radicals in Single-Bubble Sonoluminescence,The Journal of Physical Chemistry A,10.1021/jp1083339,https://doi.org/10.1021/jp1083339,W2018085244,1,doi,in-universe
3N3HZFIF,journalArticle,2001,Didenko,Didenko; Suslick,Single bubble sonochemistry and sonoluminescence,The Journal of the Acoustical Society of America,10.1121/1.4744245,https://doi.org/10.1121/1.4744245,W1993050749,1,doi,in-universe
NUUW8EWF,journalArticle,2000,Matula,Matula,Acoustic cavitation and sonoluminescence,The Journal of the Acoustical Society of America,10.1121/1.4743199,https://doi.org/10.1121/1.4743199,W2085219521,1,doi,in-universe
6XMURZ8F,journalArticle,2014,Nikitenko,Nikitenko,Plasma Formation during Acoustic Cavitation: Toward a New Paradigm for Sonochemistry,Advances in Physical Chemistry,10.1155/2014/173878,https://doi.org/10.1155/2014/173878,W2127396101,1,doi,in-universe
3CYRSVAD,journalArticle,2002,Brenner,Brenner; Hilgenfeldt; Lohse,Single-bubble sonoluminescence,Reviews of Modern Physics,10.1103/revmodphys.74.425,https://doi.org/10.1103/revmodphys.74.425,W2071665694,1,doi,harvested
PSRCM4DZ,journalArticle,2016,Merouani,Merouani; Hamdaoui,The size of active bubbles for the production of hydrogen in sonochemical reaction field,Ultrasonics Sonochemistry,10.1016/j.ultsonch.2016.03.026,https://doi.org/10.1016/j.ultsonch.2016.03.026,W2335078481,1,doi,in-universe
FRL7U5J9,journalArticle,2014,Pflieger,Pflieger; Ndiaye; Chave; Nikitenko,Influence of Ultrasonic Frequency on Swan Band Sonoluminescence and Sonochemical Activity in Aqueous <i>tert</i>-Butyl Alcohol Solutions,The Journal of Physical Chemistry B,10.1021/jp509898p,https://doi.org/10.1021/jp509898p,W2316668045,1,doi,harvested
LGGA4Z46,journalArticle,2021,Song,Song; Xu; Luo; Zhang; Wen; Cheng; Luo; Wang,Influence of carbon nano-dots in water on sonoluminescence,Nanoscale,10.1039/d1nr02194j,https://doi.org/10.1039/d1nr02194j,W3174534549,1,doi,in-universe
LX7BV5L9,journalArticle,1996,Hilgenfeldt,Hilgenfeldt; Lohse; Brenner,Phase diagrams for sonoluminescing bubbles,Physics of Fluids,10.1063/1.869131,https://doi.org/10.1063/1.869131,W2617119243,1,doi,harvested
468LMYDU,journalArticle,2014,Han,Han; Keswani; Liebscher; Beck; Raghavan,Analysis of Sonoluminescence Signal from Megasonic Irradiated Gas-Containing Aqueous Solutions Using Replaceable Single-Band Filters,ECS Journal of Solid State Science and Technology,10.1149/2.019401jss,https://doi.org/10.1149/2.019401jss,W1989362465,1,doi,in-universe
T6BZDJ7R,journalArticle,2005,Lee,Lee; Ashokkumar; Kentish; Grieser,Determination of the Size Distribution of Sonoluminescence Bubbles in a Pulsed Acoustic Field,Journal of the American Chemical Society,10.1021/ja0566432,https://doi.org/10.1021/ja0566432,W2064047734,1,doi,in-universe
Q73J96F3,journalArticle,2011,Tandiono,Tandiono; Ohl; Ow; Klaseboer; Wong; Dumke; Ohl,Sonochemistry and sonoluminescence in microfluidics,Proceedings of the National Academy of Sciences,10.1073/pnas.1019623108,https://doi.org/10.1073/pnas.1019623108,W1974037160,1,doi,harvested
CRN2EWBQ,journalArticle,2004,Ashokkumar,Ashokkumar; Lee; Kentish; Grieser; Matula,The effect of surfactants on inertial cavitation activity and sonoluminescence intensity in aqueous solutions,The Journal of the Acoustical Society of America,10.1121/1.4785137,https://doi.org/10.1121/1.4785137,,0,,new-to-universe
9EKVGAKU,journalArticle,2019,Pflieger,Pflieger; Nikitenko; Ashokkumar,Effect of NaCl salt on sonochemistry and sonoluminescence in aqueous solutions,Ultrasonics Sonochemistry,10.1016/j.ultsonch.2019.104753,https://doi.org/10.1016/j.ultsonch.2019.104753,W2970469248,0,doi,harvested
ZGHMCNRX,journalArticle,2000,Ashokkumar,Ashokkumar; Crum; Frensley; Grieser; Matula; McNamara; Suslick,Effect of Solutes on Single-Bubble Sonoluminescence in Water,The Journal of Physical Chemistry A,10.1021/jp000463r,https://doi.org/10.1021/jp000463r,W2073681486,0,doi,in-universe
X7PVUXR9,journalArticle,2000,Didenko,Didenko; Gordeychuk,Multibubble Sonoluminescence Spectra of Water which Resemble Single-Bubble Sonoluminescence,Physical Review Letters,10.1103/physrevlett.84.5640,https://doi.org/10.1103/physrevlett.84.5640,W1980727578,0,doi,in-universe
JQNJB4MJ,journalArticle,1998,Hilgenfeldt,Hilgenfeldt; Lohse; Moss,Water Temperature Dependence of Single Bubble Sonoluminescence,Physical Review Letters,10.1103/physrevlett.80.1332,https://doi.org/10.1103/physrevlett.80.1332,W2020968223,0,doi,harvested
LMTXTAKU,journalArticle,1999,Felipe Gaitan,Felipe Gaitan; Holt,Experimental observations of bubble response and light intensity near the threshold for single bubble sonoluminescence in an air-water system,Physical Review E,10.1103/physreve.59.5495,https://doi.org/10.1103/physreve.59.5495,W1968312852,0,doi,in-universe
X2CKQIFV,journalArticle,1996,Gaitan,Gaitan; Atchley; Lewia; Carlson; Maruyama; Moran; Sweider,Spectra of single-bubble sonoluminescence in water and glycerin-water mixtures,Physical Review E,10.1103/physreve.54.525,https://doi.org/10.1103/physreve.54.525,W1990196623,0,doi,in-universe
QVY4Q64V,journalArticle,2003,Krefting,Krefting; Mettin; Lauterborn,Single-Bubble Sonoluminescence in Air-Saturated Water,Physical Review Letters,10.1103/physrevlett.91.174301,https://doi.org/10.1103/physrevlett.91.174301,W2033292964,0,doi,in-universe
EHXWJ3C9,journalArticle,2000,Didenko,Didenko; McNamara III; Suslick,Molecular emission from single-bubble sonoluminescence,Nature,10.1038/35038020,https://doi.org/10.1038/35038020,W2162505178,0,doi,in-universe
66WBIV2I,journalArticle,2010,Levinsen,Levinsen,Data collapse of the spectra of water-based stable single-bubble sonoluminescence,Physical Review E,10.1103/physreve.82.036323,https://doi.org/10.1103/physreve.82.036323,W2113809612,0,doi,in-universe
8L6THUB5,journalArticle,2000,Toegel,Toegel; Gompf; Pecha; Lohse,Does Water Vapor Prevent Upscaling Sonoluminescence?,Physical Review Letters,10.1103/physrevlett.85.3165,https://doi.org/10.1103/physrevlett.85.3165,W2155639968,0,doi,in-universe
TEASN3WS,journalArticle,1997,Gompf,Gompf; Günther; Nick; Pecha; Eisenmenger,Resolving Sonoluminescence Pulse Width with Time-Correlated Single Photon Counting,Physical Review Letters,10.1103/physrevlett.79.1405,https://doi.org/10.1103/physrevlett.79.1405,W2069200022,0,doi,in-universe
YNCJ4NK7,journalArticle,1998,Hiller,Hiller; Putterman; Weninger,Time-Resolved Spectra of Sonoluminescence,Physical Review Letters,10.1103/physrevlett.80.1090,https://doi.org/10.1103/physrevlett.80.1090,W2078059812,0,doi,in-universe
BAVDLCXE,journalArticle,2001,Yasui,Yasui,Effect of liquid temperature on sonoluminescence,Physical Review E,10.1103/physreve.64.016310,https://doi.org/10.1103/physreve.64.016310,W2083587906,0,doi,in-universe
JZPVAT59,journalArticle,1998,Matula,Matula; Crum,Evidence for Gas Exchange in Single-Bubble Sonoluminescence,Physical Review Letters,10.1103/physrevlett.80.865,https://doi.org/10.1103/physrevlett.80.865,W2027823284,0,doi,in-universe
LDH4YBFU,journalArticle,1998,Holzfuss,Holzfuss; Rüggeberg; Billo,Shock Wave Emissions of a Sonoluminescing Bubble,Physical Review Letters,10.1103/physrevlett.81.5434,https://doi.org/10.1103/physrevlett.81.5434,W2050474664,0,doi,harvested
YEXI6I59,journalArticle,2011,Sadighi-Bonabi,Sadighi-Bonabi; Mirheydari; Ebrahimi; Rezaee; Nikzad,A unique circular path of moving single bubble sonoluminescence in water,Chinese Physics B,10.1088/1674-1056/20/7/074302,https://doi.org/10.1088/1674-1056/20/7/074302,W1979311929,0,doi,in-universe
CDHN5ZT9,journalArticle,1999,Hilgenfeldt,Hilgenfeldt; Grossmann; Lohse,Sonoluminescence light emission,Physics of Fluids,10.1063/1.869997,https://doi.org/10.1063/1.869997,W1968874206,0,doi,harvested
WCSES5MD,journalArticle,2021,Institute Petrochemistry and Catalysis,Institute Petrochemistry and Catalysis; SHARIPOV; GAREEV; Institute Petrochemistry and Catalysis; ABDRAKHMANOV; Institute Petrochemistry and Catalysis; YAKSHEMBETOVA; Institute Petrochemistry and Catalysis,ACTIVATION OF SINGLE-BUBBLE SONOLUMINESCENCE AND RADIOLUMINESCENCE OF GD3+ AND DY3+ IONS BY ELECTRON ACCEPTORS IN AQUEOUS SOLUTIONS AS CONSEQUENCE OF THE HYDRATED ELECTRON GENERATION DURING WATER SONOLYSIS AND RADIOLYSIS,Izvestia Ufimskogo Nauchnogo Tsentra RAN,10.31040/2222-8349-2021-0-4-22-29,https://doi.org/10.31040/2222-8349-2021-0-4-22-29,,0,,new-to-universe
TE4RMS6S,journalArticle,1994,Crum,Crum,Sonoluminescence,Physics Today,10.1063/1.881402,https://doi.org/10.1063/1.881402,W4254405672,0,doi,in-universe
DWNIBUPX,journalArticle,2001,Baghdassarian,Baghdassarian; Chu; Tabbert; Williams,Spectrum of Luminescence from Laser-Created Bubbles in Water,Physical Review Letters,10.1103/physrevlett.86.4934,https://doi.org/10.1103/physrevlett.86.4934,W2066327945,1,doi,in-universe
ETYJWH2S,journalArticle,2001,Young,Young; Nelson; Kang,Line Emission in Single-Bubble Sonoluminescence,Physical Review Letters,10.1103/physrevlett.86.2673,https://doi.org/10.1103/physrevlett.86.2673,W2060551626,1,doi,in-universe
C56C6S3U,journalArticle,2023,Голято,Голято; Моргунов,Акустическая кавитация в допированных щелочно-галоидных кристаллах,Известия Российской академии наук. Серия физическая,10.31857/s0367676523702459,https://doi.org/10.1016/s1350-4177(01)00101-8,W4394940905,1,doi,in-universe
QNELP4JJ,journalArticle,1970,Saksena,Saksena; Nyborg,Sonoluminescence from Stable Cavitation,The Journal of Chemical Physics,10.1063/1.1674249,https://doi.org/10.1063/1.1674249,W2068098826,1,doi,in-universe
JEPTI4D5,journalArticle,1998,Ketterling,Ketterling; Apfel,Experimental Validation of the Dissociation Hypothesis for Single Bubble Sonoluminescence,Physical Review Letters,10.1103/physrevlett.81.4991,https://doi.org/10.1103/physrevlett.81.4991,W2049394790,1,doi,in-universe
G5FSDHAI,journalArticle,2002,Ashokkumar,Ashokkumar; Guan; Tronson; Matula; Nuske; Grieser,"Effect of surfactants, polymers, and alcohol on single bubble dynamics and sonoluminescence",Physical Review E,10.1103/physreve.65.046310,https://doi.org/10.1103/physreve.65.046310,W2138256056,1,doi,in-universe
KI3S7RCT,journalArticle,2001,Yasui,Yasui,Single-bubble sonoluminescence from noble gases,Physical Review E,10.1103/physreve.63.035301,https://doi.org/10.1103/physreve.63.035301,W2084557571,1,doi,in-universe
2MK386N8,journalArticle,1995,Lentz,Lentz; Atchley; Gaitan,Mie scattering from a sonoluminescing air bubble in water,Applied Optics,10.1364/ao.34.002648,https://doi.org/10.1364/ao.34.002648,W1989642286,1,doi,in-universe
EJBFWFPY,journalArticle,1990,Gaitan,Gaitan; Crum,Sonoluminescence from single bubbles,The Journal of the Acoustical Society of America,10.1121/1.2027990,https://doi.org/10.1121/1.2027990,W2079625359,1,doi,in-universe
JKAWWXEX,journalArticle,2006,An,An,Mechanism of single-bubble sonoluminescence,Physical Review E,10.1103/physreve.74.026304,https://doi.org/10.1103/physreve.74.026304,W2030328944,1,doi,in-universe
LYLISYKB,journalArticle,1995,Hiller,Hiller; Putterman,Observation of Isotope Effects in Sonoluminescence,Physical Review Letters,10.1103/physrevlett.75.3549,https://doi.org/10.1103/physrevlett.75.3549,W2040244377,1,doi,in-universe
LXF5BFXZ,journalArticle,1999,Weninger,Weninger; Camara; Putterman,Energy Focusing in a Converging Fluid Flow: Implications for Sonoluminescence,Physical Review Letters,10.1103/physrevlett.83.2081,https://doi.org/10.1103/physrevlett.83.2081,W2013741943,1,doi,in-universe
YJJXSRU2,journalArticle,2003,Guan,Guan; Matula,Time Scales for Quenching Single-Bubble Sonoluminescence in the Presence of Alcohols,The Journal of Physical Chemistry B,10.1021/jp026494z,https://doi.org/10.1021/jp026494z,W2022369792,1,doi,in-universe
CX4NS466,journalArticle,1998,Yasui,Yasui,Effect of surfactants on single-bubble sonoluminescence,Physical Review E,10.1103/physreve.58.4560,https://doi.org/10.1103/physreve.58.4560,W1991119765,1,doi,in-universe
3WZS6VRF,journalArticle,2004,Qi-Dai,Qi-Dai; Long,Production of large size single transient cavitation bubbles with tube arrest method,Chinese Physics,10.1088/1009-1963/13/4/028,https://doi.org/10.1088/1009-1963/13/4/028,W1964327942,1,doi,in-universe
754ZY2UI,journalArticle,2002,Krefting,Krefting; Mettin; Lauterborn,Two-frequency driven single-bubble sonoluminescence,The Journal of the Acoustical Society of America,10.1121/1.1509427,https://doi.org/10.1121/1.1509427,W1999742170,1,doi,in-universe
3JEXPLV7,journalArticle,2000,Moraga,Moraga; Taleyarkhan; Lahey; Bonetto,Role of very-high-frequency excitation in single-bubble sonoluminescence,Physical Review E,10.1103/physreve.62.2233,https://doi.org/10.1103/physreve.62.2233,W2057973473,1,doi,in-universe
VFEYFQAR,journalArticle,2004,Chakravarty,Chakravarty; Georghiou; Phillipson; Walton,Stable sonoluminescence within a water hammer tube,Physical Review E,10.1103/physreve.69.066317,https://doi.org/10.1103/physreve.69.066317,W1976947402,1,doi,in-universe
UIDVJVCP,journalArticle,1998,Willison,Willison,Sonoluminescence: Proton-Tunneling Radiation,Physical Review Letters,10.1103/physrevlett.81.5430,https://doi.org/10.1103/physrevlett.81.5430,W1974989700,1,doi,in-universe
3ZZBDZNW,journalArticle,2010,Ko,Ko; Kwak,Measurement of Pulse Width from a Bubble Cloud under Multibubble Sonoluminescence Conditions,Journal of the Physical Society of Japan,10.1143/jpsj.79.124401,https://doi.org/10.1143/jpsj.79.124401,W1998513547,1,doi,in-universe
5JGCR3C6,journalArticle,1999,Seeley,Seeley,Effects of higher-order modes and harmonics in single-bubble sonoluminescence,The Journal of the Acoustical Society of America,10.1121/1.426828,https://doi.org/10.1121/1.426828,W1998297024,1,doi,in-universe
XCY2IN9F,journalArticle,1999,Gaitan,Gaitan,Sonoluminescence and bubble stability,Physics World,10.1088/2058-7058/12/3/21,https://doi.org/10.1088/2058-7058/12/3/21,W2551901721,1,doi,in-universe
HJ5PBYJD,journalArticle,2002,Holzfuss,Holzfuss; Rüggeberg; Holt,Acoustical stability of a sonoluminescing bubble,Physical Review E,10.1103/physreve.66.046630,https://doi.org/10.1103/physreve.66.046630,W2017143989,1,doi,in-universe
3KP5SEBY,journalArticle,1999,Yasui,Yasui,Effect of a magnetic field on sonoluminescence,Physical Review E,10.1103/physreve.60.1759,https://doi.org/10.1103/physreve.60.1759,W2059371453,1,doi,in-universe
BMAJI4ME,journalArticle,2021,Wood,Wood; Bertin; Lee; Bussemaker,The application of flow to an ultrasonic horn system: Phenol degradation and sonoluminescence,Ultrasonics Sonochemistry,10.1016/j.ultsonch.2020.105373,https://doi.org/10.1016/j.ultsonch.2020.105373,W3094480165,1,doi,harvested
4K9NJA4W,journalArticle,2023,Ferkous,Ferkous; Hamdaoui; Pétrier,Sonochemical reactor characterization in the presence of cylindrical and conical reflectors,Ultrasonics Sonochemistry,10.1016/j.ultsonch.2023.106556,https://doi.org/10.1016/j.ultsonch.2023.106556,W4385782806,1,doi,harvested
2PGSVPKP,journalArticle,2023,Zare,Zare; Alfonso-Muniozguren; Bussemaker; Sears; Serna-Galvis; Torres-Palma; Lee,A fundamental study on the degradation of paracetamol under single- and dual-frequency ultrasound,Ultrasonics Sonochemistry,10.1016/j.ultsonch.2023.106320,https://doi.org/10.1016/j.ultsonch.2023.106320,W4319304633,1,doi,harvested
GMZPTQSS,journalArticle,2024,Merouani,Merouani; Dehane; Hamdaoui; Yasui; Ashokkumar,Review on the impacts of external pressure on sonochemistry,Ultrasonics Sonochemistry,10.1016/j.ultsonch.2024.106893,https://doi.org/10.1016/j.ultsonch.2024.106893,W38705083,1,doi,in-universe
WMTEMHL4,journalArticle,2021,Perrin,Perrin; Colombet; Ayela,Comparative study of luminescence and chemiluminescence in hydrodynamic cavitating flows and quantitative determination of hydroxyl radicals production,Ultrasonics Sonochemistry,10.1016/j.ultsonch.2020.105277,https://doi.org/10.1016/j.ultsonch.2020.105277,W3044237264,1,doi,harvested
FWABKZPX,journalArticle,2008,Hirayama,Hirayama; Morinaga; Ohmi; Soejima,Sonoluminescence measurement of 1 MHz ultrasonic cavitation and effect of dissolved gases,Acoustical Science and Technology,10.1250/ast.29.345,https://doi.org/10.1250/ast.29.345,W2032931200,1,doi,harvested
PM7IYMR5,journalArticle,1989,Flint,Flint; Suslick,Sonoluminescence from nonaqueous liquids: emission from small molecules,Journal of the American Chemical Society,10.1021/ja00200a014,https://doi.org/10.1021/ja00200a014,W2327501251,1,doi,in-universe
MTLD2UGH,preprint,2025,Marcano Olaizola,Marcano Olaizola,Measuring the Efficiency of Raman Photoexcitation of Singlet Oxygen in Distilled Water,,10.20944/preprints202507.2572.v1,https://doi.org/10.20944/preprints202507.2572.v1,W4412813929,1,doi,in-universe
SIIT3QGU,journalArticle,2014,Massari Filho,Massari Filho,Mecanismos da reação de metabólitos α-dicarbonílicos com peroxinitrito: geração de radicais livres e oxigênio singlete. Possíveis implicações biológicas,,10.11606/t.46.2014.tde-02102014-081602,https://doi.org/10.11606/t.46.2014.tde-02102014-081602,W2269053410,1,doi,harvested
8TDSFAXI,journalArticle,1983,Lengfelder,Lengfelder; Cadenas; Sies,"Effect of DABCO (1, 4-diazabicyclo [2, 2, 2]-octane) on singlet oxygen monomol (1270 nm) and dimol (634 and 703 nm) emission",FEBS Letters,10.1016/0014-5793(83)80318-4,http://onlinelibrary.wiley.com/doi/10.1016/0014-5793(83)80318-4/full,W2003146645,0,doi,in-universe
6E3R9HZU,bookSection,1984,Cadenas,Cadenas; Sies,[26] Low-level chemiluminescence as an indicator of singlet molecular oxygen in biological systems,Methods in Enzymology,10.1016/s0076-6879(84)05029-1,https://linkinghub.elsevier.com/retrieve/pii/S0076687984050291,W1019877890,0,doi,in-universe
NJL7TBKL,journalArticle,1977,Deneke,Deneke; Krinsky,INHIBITION AND ENHANCEMENT OF SINGLET OXYGEN (‘A<sub>g</sub>) DIMOL CHEMILUMINESCENCE,Photochemistry and Photobiology,10.1111/j.1751-1097.1977.tb06914.x,,W2083432698,0,doi,in-universe
RMIYA3E9,journalArticle,1994,Khan,Khan; Kasha,Singlet molecular oxygen in the Haber-Weiss reaction,Proceedings of the National Academy of Sciences,10.1073/pnas.91.26.12365,https://doi.org/10.1073/pnas.91.26.12365,,0,,new-to-universe
493TV4QV,journalArticle,2014,Mano,Mano; Prado; Massari; Ronsein; Martinez; Miyamoto; Cadet; Sies; Medeiros; Bechara; Di Mascio,Excited singlet molecular O2 (1Δg) is generated enzymatically from excited carbonyls in the dark,Scientific Reports,10.1038/srep05938,http://www.nature.com/articles/srep05938,W2048493057,0,doi,harvested
RNDKJWWY,journalArticle,1994,Di Mascio,Di Mascio; Bechara; Medeiros; Briviba; Sies,Singlet molecular oxygen production in the reaction of peroxynitrite with hydrogen peroxide,FEBS Letters,10.1016/0014-5793(94)01224-5,https://febs.onlinelibrary.wiley.com/doi/abs/10.1016/0014-5793%2894%2901224-5,W1970359533,0,doi,in-universe
JJ9UFVYW,journalArticle,2022,Taenzer,Taenzer; Grabb; Kapit; Pardis; Wankel; Hansel,Development of a Deep-Sea Submersible Chemiluminescent Analyzer for Sensing Short-Lived Reactive Chemicals,Sensors,10.3390/s22051709,https://doi.org/10.3390/s22051709,,0,,new-to-universe
ULGSXZXF,journalArticle,1999,Tapley,Tapley; Buettner; Shick,"Free Radicals and Chemiluminescence as Products of the Spontaneous Oxidation of Sulfide in Seawater, and Their Biological Implications",The Biological Bulletin,10.2307/1543166,https://doi.org/10.2307/1543166,,0,,new-to-universe
KGGFKGU6,conferencePaper,2001,TAPLEY,TAPLEY,CHEMILUMINESCENCE AS A PRODUCT OF THE SPONTANEOUS OXIDATION OF SULFIDE IN SEAWATER,,10.1142/9789812811158_0060,https://doi.org/10.1142/9789812811158_0060,,0,,new-to-universe
UWMJUILV,journalArticle,2023,van Erk,van Erk; Bourceau; Moncada; Basu; Hansel; de Beer,Reactive oxygen species affect the potential for mineralization processes in permeable intertidal flats,Nature Communications,10.1038/s41467-023-35818-4,https://www.nature.com/articles/s41467-023-35818-4,,0,,harvested
IXQAJPAN,journalArticle,2022,Li,Li; Wang; Xu,Research on Micro-Quantitative Detection Technology of Simulated Waterbody COD Based on the Ozone Chemiluminescence Method,Water,10.3390/w14030328,https://doi.org/10.3390/w14030328,,0,,new-to-universe
7UPXRHNN,journalArticle,2001,Seisenberger,Seisenberger; Ried; Endreß; Büning; Hallek; Bräuchle,Real-Time Single-Molecule Imaging of the Infection Pathway of an Adeno-Associated Virus,Science,10.1126/science.1064103,https://doi.org/10.1126/science.1064103,,0,,new-to-universe
U5RQTIX9,journalArticle,1996,Mottola,Mottola; Pérez-Bendito,Kinetic Determinations and Some Kinetic Aspects of Analytical Chemistry,Analytical Chemistry,10.1021/a1960002k,https://doi.org/10.1021/a1960002k,W2729486520,0,title~100,in-universe
5I6GZGE3,journalArticle,2005,Cacciari,Cacciari,Nomes de lugar: Confim,Revista de letras,10.1016/j.heliyon.2021.e07767,https://doi.org/10.1016/j.heliyon.2021.e07767,W3188676070,0,doi,harvested
FDTJRCLP,journalArticle,2021,Khaoua,Khaoua; Graciani; Kim; Amblard,Stochastic light concentration from 3D to 2D reveals ultraweak chemi- and bioluminescence,Scientific Reports,10.1038/s41598-021-88091-0,https://doi.org/10.1038/s41598-021-88091-0,W3161989600,0,doi,harvested
6MMTFAA5,journalArticle,2022,Cabello,Cabello; Bartoloni; Baader,An Update on General Chemiexcitation Mechanisms in Cyclic Organic Peroxide Decomposition and the Chemiluminescent Peroxyoxalate Reaction in Aqueous Media<sup>†</sup>,Photochemistry and Photobiology,10.1111/php.13673,https://doi.org/10.1111/php.13673,,0,,new-to-universe
5ER95ZJB,journalArticle,2013,Lin,Lin; Chen; Lin,Peroxide induced ultra-weak chemiluminescence and its application in analytical chemistry,The Analyst,10.1039/c3an00910f,http://xlink.rsc.org/?DOI=c3an00910f,W2098564061,0,doi,in-universe
8MHLMCYP,conferencePaper,2010,Voeikov,Voeikov,"Reactive oxygen species, water, photons and life.",,,http://search.ebscohost.com/login.aspx?direct=true&profile=ehost&scope=site&authtype=crawler&jrnl=18256538&AN=59414966&h=r1AWiZFTGR79tyzlFi3raREc71bfA2XwOW3xiBcJTO1ddlNpLpMMCN8h93e4EG667Pf%2FF8UdDv60fU1KI1%2BjxQ%3D%3D&crl=c,W2118133983,1,title~100,in-universe
WZJSTTCK,journalArticle,1989,Kurosaki,Kurosaki; Sato; Mizugaki,Extra‐weak chemiluminescence of drugs. VIII. Extra‐weak chemiluminescence arising from the amino‐carbonyl reaction,Journal of Bioluminescence and Chemiluminescence,10.1002/bio.1170030104,https://doi.org/10.1002/bio.1170030104,W2037610961,1,doi,in-universe
Q6NLTHH2,journalArticle,1999,Vogel,Vogel,Low level chemiluminescence from liquid culture media,Journal of Applied Microbiology,10.1046/j.1365-2672.1999.00784.x,https://doi.org/10.1046/j.1365-2672.1999.00784.x,W1999633758,1,doi,in-universe
IU5QRNRA,journalArticle,1998,V.L.Voeikov,V.L.Voeikov; Naletov,Nonenzymatic Amino Acid Glycation in Aqueous Solutions (Maillard Reaction): Critical Conditions for Initiation of Browning and Chemiluminescence Development,,,,,0,,new-to-universe
D3ENB6FJ,journalArticle,1996,Voeikov,Voeikov; Baskakov; Kafkalias; Naletov,Initiation of degenerate-branched chain reaction of glycine deamination with ultraweak UV irradiation or hydrogen peroxide,RUSSIAN JOURNAL OF BIOORGANIC CHEMISTRY C/C OF BIOORGANICHESKAIA KHIMIIA,,,W351875724,1,title~100,in-universe
KUUV3FGZ,journalArticle,1997,V.I.,V.I.; V.L.Voeikov,Chemiluminescence Development in Aqueous Solutions of Glycine and Glucose (Maillard Reaction): Evidence for Degenerate-Branched Chain Mechanism.,Eur. J. Chem. Clin. Biochem,,,,0,,new-to-universe
5IDUS9KJ,journalArticle,2000,Koldunov,Koldunov; Kononov; Voeikov,Oscillations of Photon Emission Accompanying the Oxidative Process in Aqueous Solutions of Glycin wi,"BiophOlollics IIl1d coherelll systellls, Proceedillgs of the 211d IlIIel'llatiollal Alexallder GII/witsch COllferellce alld Additional COlllriiJutions",,,,0,,new-to-universe
BMSXSRFS,bookSection,1998,Voeikov,Voeikov; Naletov,Weak photon emission of non-linear chemical reactions of amino acids and sugars in aqueous solutions,Biophotons,10.1007/978-94-017-0928-6_8,,W41280026,1,doi,in-universe
QBK594EV,conferencePaper,1998,Voeikov,Voeikov; Naletov,Chemiluminescence development after initiation of Maillard reaction in aqueous solutions of glycine and glucose: nonlinearity of the process and cooperative properties of the reaction system,,10.1117/12.311888,http://proceedings.spiedigitallibrary.org/proceeding.aspx?articleid=933715,W2030545657,1,doi,in-universe
ZR5KNRNM,journalArticle,1978,Slawinski,Slawinski; Puzyna; Slawinska,CHEMILUMINESCENCE IN THE PHOTOOXIDATION OF HUMIC ACIDS*,Photochemistry and Photobiology,10.1111/j.1751-1097.1978.tb06932.x,https://doi.org/10.1111/j.1751-1097.1978.tb06932.x,W1964855530,1,doi,in-universe
R9QIYQDL,journalArticle,1994,HU,HU; KITANO; TAKENAKA; BANDOW; MAEDA; ZHANG,Special Articles: Environmental Sciences and Analytical Chemistry. Sensitive determination of humic acid in natural water by chemiluminescence-flow injection method.,BUNSEKI KAGAKU,10.2116/bunsekikagaku.43.1077,https://doi.org/10.2116/bunsekikagaku.43.1077,W2326256381,1,doi,harvested
MM8RDF7B,journalArticle,2005,Tian,Tian; Jun Song; Hua,Flow Injection Determination of Humic Acid with Chemiluminescence Detection,Analytical Letters,10.1080/00032710500318148,https://doi.org/10.1080/00032710500318148,W2117773569,1,doi,in-universe
NATAI882,journalArticle,2021,DANG,DANG; SHIBA; KOSUGI; OKUNAGA; MATSUI; FUJII; TAKENAKA,Simultaneous Determination of Ammonia and Humic Acid in Natural Water by Chemiluminescence with Hypobromites,Journal of Environmental Chemistry,10.5985/jec.31.91,https://doi.org/10.5985/jec.31.91,W3174431523,1,doi,harvested
YCH259C7,conferencePaper,2011,Bin-bin Zhang,Bin-bin Zhang; Sheng-ke Yang; Ying Wu; Feng Ding; Jing Chen,Measured humic acid in water by the potassium permanganate oxidation flow-injection chemiluminescence,,10.1109/iswrep.2011.5893681,https://doi.org/10.1109/iswrep.2011.5893681,W1991714625,1,doi,in-universe
J7688I2J,journalArticle,2004,Gorączko,Gorączko; slawiński,SECONDARY ULTRAWEAK LUMINESCENCE FROM HUMIC ACIDS INDUCED BY γ-RADIATION,"Nonlinearity in Biology, Toxicology, and Medicine",10.1080/15401420490507468,http://dos.sagepub.com/lookup/doi/10.1080/15401420490507468,W1975696343,1,doi,harvested
DPJ5ENPA,journalArticle,2008,Liang,Liang; Zhao; Zhang; Lin,Experimental Studies on the Chemiluminescence Reaction Mechanism of Carbonate/Bicarbonate and Hydrogen Peroxide in the Presence of Cobalt(II),The Journal of Physical Chemistry A,10.1021/jp0761822,https://doi.org/10.1021/jp0761822,W1983540123,1,doi,in-universe
3L6CEI2V,journalArticle,2018,Grasso,Grasso; Musumeci; Gulino; Scordino,Exploring the behaviour of water in glycerol solutions by using delayed luminescence,PLoS ONE,10.1371/journal.pone.0191861,https://doi.org/10.1371/journal.pone.0191861,W29377914,1,doi,harvested
I7XB7NHN,journalArticle,2010,Voeikov,Voeikov; Ming Ha; Mukhitova; Vilenskaya; Malishenko; Bogachuk,Activated bicarbonate solutions as models of confined ontic open system and prototypes of living respiring systems,International Journal of Design & Nature and Ecodynamics,10.2495/dne-v5-n1-30-38,https://doi.org/10.2495/dne-v5-n1-30-38,W2064648831,1,doi,harvested
WC66U82M,journalArticle,2010,Voeikov,Voeikov; Ha; Vilenskaya; Malishenko; Bouravleva,I Sistemi Acquosi Di Bicarbonato Confermano Lo Stato Di Non Equilibrio E Mostrano Sensibilità Agli E,LA MEDICINA BIOLOGICA,,,,0,,new-to-universe
SXPM5NRM,journalArticle,2012,Voeikov,Voeikov; Vilenskaya; Ha; Malyshenko; Buravleva; Yablonskaya; Timofeev,The stable nonequilibrium state of bicarbonate aqueous systems,Russian Journal of Physical Chemistry A,10.1134/s003602441209018x,http://link.springer.com/10.1134/S003602441209018X,W1964318044,1,doi,in-universe
2D9GCXLF,conferencePaper,2004,Voeikov,Voeikov,Respiration of Water,,,,,0,,new-to-universe
9QTK94WF,journalArticle,1999,Chou,Chou; Lee; Wel; Wu; Shek; Kwong,Direct Spectroscopic Evidence for 1Δ<sub>g</sub>O<sub>2</sub> Production from the Photolysis of Vanadium(V)‐Peroxo Complexes in Aqueous Solution,Photochemistry and Photobiology,10.1111/j.1751-1097.1999.tb08278.x,https://doi.org/10.1111/j.1751-1097.1999.tb08278.x,W1985552989,1,doi,in-universe
69JVBD6S,journalArticle,2023,Astashev,Astashev; Serov; Sarimov; Gudkov,Influence of the Vibration Impact Mode on the Spontaneous Chemiluminescence of Aqueous Protein Solutions,Physics of Wave Phenomena,10.3103/s1541308x23030020,https://doi.org/10.3103/s1541308x23030020,W4382799213,1,doi,in-universe
HZJYHUAX,journalArticle,2005,Francis,Francis; Barnett; Smith; Spizzirri; Wang; Krausz,Near‐infrared chemiluminescence from the oxidation of ammonia in aqueous alkaline solution,Luminescence,10.1002/bio.870,https://doi.org/10.1002/bio.870,W1995913186,1,doi,in-universe
EJQZ9EFX,journalArticle,2018,Wanjala,Wanjala; Onyango; Abuga; Onyango; Makayoto,Evidence for the Formation of Ozone (or Ozone-Like Oxidants) by the Reaction of Singlet Oxygen with Amino Acids,Journal of Chemistry,10.1155/2018/6145180,https://doi.org/10.1155/2018/6145180,W2889659980,1,doi,in-universe
TXM2C9L8,journalArticle,1988,Kobayashi,Kobayashi; Asai; Inaba,Highly Sensitive Detection of Ultraweak Photon Emission from Human Breath and Sputum,THE JOURNAL OF JAPAN SOCIETY FOR LASER SURGERY AND MEDICINE,10.2530/jslsm1980.9.3_527,https://doi.org/10.2530/jslsm1980.9.3_527,W2318097307,1,doi,harvested
DDERFVHR,journalArticle,2024,Sasak,Sasak; Nowak; Wlodarczyk; Sarniak; Tryniszewski; Nowak,Light Emission from Fe2+-EGTA-H2O2 System Depends on the pH of the Reaction Milieu within the Range That May Occur in Cells of the Human Body,Molecules,10.3390/molecules29174014,https://www.mdpi.com/1420-3049/29/17/4014,W4401893813,1,doi,harvested
PYG26LTJ,journalArticle,2018,Nowak,Nowak; Tryniszewski; Sarniak; Wlodarczyk; Nowak; Nowak,Light Emission from the Fe2+-EGTA-H2O2 System: Possible Application for the Determination of Antioxidant Activity of Plant Phenolics,Molecules,10.3390/molecules23040866,https://www.mdpi.com/1420-3049/23/4/866,W29642591,1,doi,in-universe
LCKVY99W,journalArticle,1998,Sharov,Sharov; Driomina; Briviba; Sies,Sensitization of Peroxynitrite Chemiluminescence by the Triplet Carbonyl Sensitizer Coumarin-525. Effect of CO2,Photochemistry and Photobiology,10.1111/j.1751-1097.1998.tb05286.x,https://onlinelibrary.wiley.com/doi/abs/10.1111/j.1751-1097.1998.tb05286.x,W2009881598,1,doi,in-universe
R2L4HFUU,journalArticle,2012,Ivanova,Ivanova; Trofimova; Piskarev; Aristova; Burhina; Soshnikova,Mechanism of chemiluminescence in Fenton reaction,Journal of Biophysical Chemistry,10.4236/jbpc.2012.31011,http://www.scirp.org/journal/doi.aspx?DOI=10.4236/jbpc.2012.31011,W1994581732,0,doi,harvested
JA7XKRNA,journalArticle,1989,Cilento,Cilento,Generation of triplet carbonyl compounds during peroxidase catalysed reactions,Luminescence,10.1002/bio.1170040128,https://doi.org/10.1002/bio.1170040128,W2061472949,0,doi,in-universe
I2MWLK5I,journalArticle,1965,GURWITSCH,GURWITSCH; EREMEYEV; KARABCHIEVSKY,Ultra-Weak Emission in the Visible and Ultra-Violet Regions in Oxidation of Solutions of Glycine by Hydrogen Peroxide,Nature,10.1038/206020b0,,W2082193068,0,doi,in-universe
A3GVYTDX,journalArticle,2000,Yanagawa,Yanagawa; Sakaguchi; Ueno; Nitta,Sustaining Faculty of Living Functions and Its Biophoton Observation,Journal of International Society of Life Information Science,10.18936/islis.18.2_423,,W3203812202,0,doi,in-universe
6922K5GL,journalArticle,2007,Gallep,Gallep; dos Santos,Photon-counts during germination of wheat (Triticum aestivum) in wastewater sediment solutions correlated with seedling growth,Seed Science and Technology,10.15258/sst.2007.35.3.08,http://www.ingentaconnect.com/content/ista/sst/2007/00000035/00000003/art00008,W2324259278,0,doi,in-universe
82NU7P2F,journalArticle,2015,Bereta,Bereta; Cifra; Cervinkova; Janousek; Barabas,Hydroxyl Radical Induced Ultra-weak Photon Emission from Tyrosine Solutions,Communications,10.26552/com.c.2015.4.3-7,https://doi.org/10.26552/com.c.2015.4.3-7,W4213039940,0,doi,harvested
QFKH6CP4,journalArticle,1993,Wang,Wang; Jin; Cai; Liu; Fujishima,A study of ultraweak luminescence in evolution of oxygen at Pt electrodes,Electrochimica Acta,10.1016/0013-4686(93)85138-o,https://linkinghub.elsevier.com/retrieve/pii/001346869385138O,W1965653348,1,doi,in-universe
8EGKNVWY,journalArticle,2018,Ortega-Ojeda,Ortega-Ojeda; Calcerrada; Ferrero; Campos; Garcia-Ruiz,"Measuring the Human Ultra-Weak Photon Emission Distribution Using an Electron-Multiplying, Charge-Coupled Device as a Sensor","Sensors (Basel, Switzerland)",10.3390/s18041152,https://www.ncbi.nlm.nih.gov/pmc/articles/PMC5948505/,W2797018767,1,doi,harvested
UCBSY5JX,journalArticle,2007,Cifra,Cifra; Van Wijk; Koch; Bosman; Van Wijk,Spontaneous ultra-weak photon emission from human hands is time dependent,Radioengineering,,https://www.radioeng.cz/fulltexts/2007/07_02_15_19.pdf,W2182257766,1,title~100,harvested
L2FIRVPI,journalArticle,2019,Calcerrada,Calcerrada; Garcia-Ruiz,"Human Ultraweak Photon Emission: Key Analytical Aspects, Results and Future Trends – A Review",Critical Reviews in Analytical Chemistry,10.1080/10408347.2018.1534199,https://www.tandfonline.com/doi/full/10.1080/10408347.2018.1534199,W2906242287,1,doi,in-universe
XC7HD7JC,journalArticle,2020,Murugan,Murugan; Persinger; Karbowski; Dotta,"Ultraweak Photon Emissions as a Non-Invasive, Early-Malignancy Detection Tool: An In Vitro and In Vivo Study",Cancers,10.3390/cancers12041001,,W3016463384,1,doi,harvested
G8XGP9YV,journalArticle,2020,Tsuchida,Tsuchida; Kobayashi,Oxidative stress in human facial skin observed by ultraweak photon emission imaging and its correlation with biophysical properties of skin,Scientific Reports,10.1038/s41598-020-66723-1,https://www.nature.com/articles/s41598-020-66723-1,W3035757108,1,doi,harvested
3NXZUU3W,journalArticle,2020,Tsuchida,Tsuchida; Kobayashi,Ultraviolet A irradiation induces ultraweak photon emission with characteristic spectral patterns from biomolecules present in human skin,Scientific Reports,10.1038/s41598-020-78884-0,http://www.nature.com/articles/s41598-020-78884-0,W3111078497,1,doi,harvested
77PQ58XA,journalArticle,2023,Du,Du; Deng; Cao; Wang; Yang; Han,The application and trend of ultra-weak photon emission in biology and medicine,Frontiers in Chemistry,10.3389/fchem.2023.1140128,https://www.frontiersin.org/journals/chemistry/articles/10.3389/fchem.2023.1140128/full,W4321242749,1,doi,harvested
SNJLURCT,journalArticle,2023,Poplová,Poplová; Prasad; Van Wijk; Pospíšil; Cifra; Wijk,Biological Auto(chemi)luminescence Imaging of Oxidative Processes in Human Skin,Analytical Chemistry,10.1021/acs.analchem.3c01566,https://doi.org/10.1021/acs.analchem.3c01566,W4387077320,1,doi,in-universe
VFCFCAQR,book,2023,Volodyaev,Volodyaev; Van Wijk; Cifra; Vladimirov,Ultra-Weak Photon Emission from Biological Systems: Endogenous Biophotonics and Intrinsic Bioluminescence,,10.1007/978-3-031-39078-4,https://link.springer.com/10.1007/978-3-031-39078-4,W4389669809,1,doi,harvested
YFD2YI44,journalArticle,2024,Mould,Mould; Mackenzie; Kalampouka; Nunn; Thomas; Bell; Botchway; Burgos; Schoeman; Van Wijk; Van Wijk,Ultra weak photon emission—a brief review,Frontiers in Physiology,10.3389/fphys.2024.1348915,https://www.frontiersin.org/journals/physiology/articles/10.3389/fphys.2024.1348915,W4391831883,0,doi,harvested
7XE6ZG8G,journalArticle,2025,Nevoit,Nevoit; Poderiene; Potyazhenko; Mintser; Jarusevicius; Vainoras,"The concept of biophotonic signaling in the human body and brain: rationale, problems and directions",Frontiers in Systems Neuroscience,10.3389/fnsys.2025.1597329,https://www.frontiersin.org/journals/systems-neuroscience/articles/10.3389/fnsys.2025.1597329/full,W4411572491,0,doi,harvested
657GB32G,journalArticle,2006,van Wijk,van Wijk; Ackerman; van Wijk,Effects of a color filter used in auriculomedicine on ultraweak photon emission of the human body,Journal of Alternative and Complementary Medicine,10.1089/acm.2006.12.955,http://www.liebertpub.com/doi/10.1089/acm.2006.12.955,W2025836651,0,doi,in-universe
UZQTXG2D,journalArticle,2016,Rafieiolhosseini,Rafieiolhosseini; Poplová; Sasanpour; Rafii-Tabar; Alhossaini; Cifra,Photocount statistics of ultra-weak photon emission from germinating mung bean,Journal of Photochemistry and Photobiology B: Biology,10.1016/j.jphotobiol.2016.06.001,http://linkinghub.elsevier.com/retrieve/pii/S1011134416304328,W2412356141,1,doi,in-universe
5XPTGZTS,journalArticle,2015,Cifra,Cifra; Brouder; Nerudová; Kučera,"Biophotons, coherence and photocount statistics: A critical review",Journal of Luminescence,10.1016/j.jlumin.2015.03.020,http://linkinghub.elsevier.com/retrieve/pii/S0022231315001568,W2141663490,1,doi,harvested
C2JC43GN,journalArticle,2005,Schwabl,Schwabl; Klima,Biophotonics in the infrared spectral range reveal acupuncture meridian structure of the body,Journal of Alternative and Complementary Medicine,10.1089/acm.2005.11.171,http://www.liebertpub.com/doi/10.1089/acm.2005.11.171,W2050991186,0,doi,in-universe
SX4F3GRA,journalArticle,2019,Yang,Yang; Van Wijk; Pang; Yan; van der Greef; Van Wijk; Han,A Bridge of Light: Toward Chinese and Western Medicine Perspectives Through Ultraweak Photon Emissions,Global Advances in Health and Medicine,10.1177/2164956119855930,https://pmc.ncbi.nlm.nih.gov/articles/PMC6558537/,W2952805405,0,doi,harvested
KEXI6Q84,journalArticle,2014,Han,Han; Yang; Pang; Zhao,Recent progress of traditional Chinese medical science based on theory of biophoton,Frontiers of Optoelectronics,10.1007/s12200-013-0367-1,https://link.springer.com/10.1007/s12200-013-0367-1,W2057431828,0,doi,in-universe
KGR9DZXN,journalArticle,2020,van Wijk,van Wijk; Van Wijk; Pang; Yang; Yan; Han; Burgos; Sanchez,Integrating Ultra-Weak Photon Emission Analysis in Mitochondrial Research,Frontiers in Physiology,10.3389/fphys.2020.00717,https://www.frontiersin.org/journals/physiology/articles/10.3389/fphys.2020.00717/full,W3041755811,0,doi,harvested
4AB78ZRC,journalArticle,2008,Wijk,Wijk; Bosman; Ackerman,Correlation Between Fluctuations in Human Ultra-weak Photon Emission and EEG Alpha Rhythm,NeuroQuant ology,10.14704/nq.2008.6.4.s201,https://doi.org/10.14704/nq.2008.6.4.s201,W2035748855,0,title~100,in-universe
HJTDE6WX,conferencePaper,2025,Viirre,Viirre; Melville; Chan; Cook; Tian; Iii,Resting state photon emissions from the pupil of the human eye,,10.1117/12.3051754,https://www.spiedigitallibrary.org/conference-proceedings-of-spie/13317/1331707/Resting-state-photon-emissions-from-the-pupil-of-the-human/10.1117/12.3051754.full,W4408665037,0,doi,in-universe
SKNKGWET,journalArticle,2024,Rubio,Rubio; Haneen Issmer; Barbaro; Montalvo; Ortega-Ojeda; García-Ruiz,Effects of different light exposures on human ultra-weak photon emission: Preliminary findings for a pioneering control tool in cosmetics,Microchemical Journal,10.1016/j.microc.2024.111351,https://www.sciencedirect.com/science/article/pii/S0026265X24014632,W4401282046,1,doi,harvested
WSEINL6C,journalArticle,2023,Wang,Wang; Xu; Luo; Peng; Song; Li; Zheng; Liu; Wu; Zhang; Zhang; Hu; Liu; Lu; Dai; Zhang,Reduced biophotonic activities and spectral blueshift in Alzheimer’s disease and vascular dementia models with cognitive impairment,Frontiers in Aging Neuroscience,10.3389/fnagi.2023.1208274,https://www.frontiersin.org/articles/10.3389/fnagi.2023.1208274,W4386377286,1,doi,harvested
8SIYBSRW,journalArticle,2021,Zapata,Zapata; Pastor-Ruiz; Ortega-Ojeda; Montalvo; García-Ruiz,Increment of spontaneous human biophoton emission caused by anger emotional states. Proof of concept,Microchemical Journal,10.1016/j.microc.2021.106558,https://www.sciencedirect.com/science/article/pii/S0026265X21006445,W3174216096,1,doi,harvested
W6T7SDL8,journalArticle,2019,Tsuchida,Tsuchida; Iwasa; Kobayashi,Imaging of ultraweak photon emission for evaluating the oxidative stress of human skin,Journal of Photochemistry and Photobiology B: Biology,10.1016/j.jphotobiol.2019.111562,https://linkinghub.elsevier.com/retrieve/pii/S1011134419302982,W2958430166,1,doi,in-universe
RSDNFIJU,journalArticle,2018,Scholkmann,Scholkmann; van de Kraats; van Wijk; van Wijk; van der Greef,"Spatio-temporal dynamics of spontaneous ultra-weak photon emission (autoluminescence) from human hands measured with an EMCCD camera: Dependence on time of day, date and individual subject",Matters,10.19185/matters.201803000001,https://sciencematters.io/articles/10.19185/matters.201803000001,W2789646385,1,doi,in-universe
CHKH9QFB,journalArticle,2017,Sun,Sun; Van Wijk; Koval; Van Wijk; He; Wang; Hankemeier; van der Greef,Measuring ultra-weak photon emission as a non-invasive diagnostic tool for detecting early-stage type 2 diabetes: A step toward personalized medicine,Journal of Photochemistry and Photobiology B: Biology,10.1016/j.jphotobiol.2016.11.013,https://www.sciencedirect.com/science/article/pii/S1011134416306364,W2554446151,1,doi,in-universe
VJS6RHWP,journalArticle,2021,Zapata,Zapata; Pastor-Ruiz; Ortega-Ojeda; Montalvo; Ruiz-Zolle; García-Ruiz,Human ultra-weak photon emission as non-invasive spectroscopic tool for diagnosis of internal states – A review,Journal of Photochemistry and Photobiology B: Biology,10.1016/j.jphotobiol.2021.112141,https://www.sciencedirect.com/science/article/pii/S1011134421000191,W3126963047,1,doi,harvested
SDWBKACV,journalArticle,2018,Prasad,Prasad; Balukova; Pospíšil,Triplet Excited Carbonyls and Singlet Oxygen Formation During Oxidative Radical Reaction in Skin,Frontiers in Physiology,10.3389/fphys.2018.01109,https://doi.org/10.3389/fphys.2018.01109,W2886211841,1,doi,harvested
VVFG6PA5,journalArticle,2008,Van Wijk,Van Wijk; Van Wijk,Free radicals and low-level photon emission in human pathogenesis: State of the art,Indian Journal of Experimental Biology,,https://www.scopus.com/pages/publications/50649099701,W163007605,1,title~100,in-universe
MAPWIJ5Y,journalArticle,2011,Dotta,Dotta; Buckner; Lafrenie; Persinger,Photon emissions from human brain and cell culture exposed to distally rotating magnetic fields shared by separate light-stimulated brains and cells,Brain Research,10.1016/j.brainres.2011.03.001,http://linkinghub.elsevier.com/retrieve/pii/S0006899311004732,W1981251228,1,doi,in-universe
ZCP4YJBF,journalArticle,1999,Kobayashi,Kobayashi; Takeda; Sato; Yamazaki; Kaneko; Ito; Kato; Inaba,In vivo imaging of spontaneous ultraweak photon emission from a rat’s brain correlated with cerebral energy metabolism and oxidative stress,Neuroscience research,10.1016/s0168-0102(99)00040-1,http://www.sciencedirect.com/science/article/pii/S0168010299000401,W2160984073,1,doi,in-universe
D69XCH68,journalArticle,2004,Takeda,Takeda; Kobayashi; Takayama; Suzuki; Ishida; Ohnuki; Moriya; Ohuchi,Biophoton detection as a novel technique for cancer imaging,Cancer science,10.1111/j.1349-7006.2004.tb03325.x,http://onlinelibrary.wiley.com/doi/10.1111/j.1349-7006.2004.tb03325.x/full,W2009372666,1,doi,harvested
HVCJY67J,journalArticle,2008,Khabiri,Khabiri; Hagens; Smuda; Soltau; Schreiner; Wenck; Wittern; Duchstein; Mei,Non-invasive monitoring of oxidative skin stress by ultraweak photon emission (UPE)-measurement. I: mechanisms of UPE of biological materials,Skin Research and Technology,,,W2159034785,1,title~100,in-universe
NH5KJ4XK,journalArticle,1997,Cohen,Cohen; Popp,Biophoton emission of the human body,Journal of Photochemistry and Photobiology B: Biology,,,W1970126617,1,title~100,in-universe
TKDZ94S4,journalArticle,1997,Cohen,Cohen; Popp,Low-level luminescence of the human skin,Skin Research and Technology,,,W2124535387,1,title~100,in-universe
L7GFEMSJ,journalArticle,1997,Maccarrone,Maccarrone; Rosato; Agró,Lipoxygenase products induce ultraweak light emission from human erythroleukemia cells,Journal of bioluminescence and chemiluminescence,,,W1979182633,1,title~100,in-universe
EBV6NF29,journalArticle,2013,Van Wijk,Van Wijk; Van Wijk; Schroen; Van der Greef,"Imaging human spontaneous photon emission: historic development, recent data and perspectives",Trends Photochem. Photobiol,,,,0,,new-to-universe
FLQ3MPSK,journalArticle,2004,Yang,Yang; Lee; Yi; Yang; Soh,Biophoton Emission and Blood Flow in the Human Hand (International Conference on Mind Body Science: Physical and Physiological Approach joint with The Eighteenth Symposium on Life Information Science),Journal of International Society of Life Information Science,,,,0,,new-to-universe
CURTTT69,journalArticle,2000,Nakamura,Nakamura; Kokubo; Parkhomtchouk; Chen; Tanaka; Zhang; Kokado; Yamamoto; Fukuda,Biophoton and temperature changes of human hand during Qigong,Journal of International Society of Life Information Science,,,,0,,new-to-universe
JQV6HWYB,journalArticle,2002,Kim,Kim; Nam; Shin; Lee; Yang; Soh,Biophoton emission from fingernails and fingerprints of living human subjects,Acupuncture & electro-therapeutics research,,,W2399776156,1,title~100,in-universe
NZIC4N3B,conferencePaper,1997,Voeikov,Voeikov; Novikov,Relative independence of luminol-enhanced intensity of photon emission during oxidative burst from nondiluted human blood on the volume and surface area of the sample,,,,W2085889358,1,title~93,in-universe
MJLMHW4K,conferencePaper,2005,Jung,Jung; Yang; Woo; Yi; Yang; Soh,Signal characteristics of biophoton emission from human hands,,,,W1988321029,1,title~100,in-universe
73WUEFTU,journalArticle,2007,Goi,Goi; Takagi; Hirai; Harada; Ikari; Terashima; Kinae; Hiramatsu; Nakamura; Ono,Effect of psychologic stress on peroxidase and thiocyanate levels in human saliva detected by ultraweak chemiluminescence,Journal of health science,,,W2110422479,1,title~100,harvested
8M6SZIIL,journalArticle,2014,Scordino,Scordino; Baran; Gulino; Ganea; Grasso; Niggli; Musumeci,Ultra-weak Delayed Luminescence in cancer research: A review of the results by the ARETUSA equipment,Journal of Photochemistry and Photobiology B: Biology,10.1016/j.jphotobiol.2014.03.027,http://linkinghub.elsevier.com/retrieve/pii/S1011134414001481,W1975672463,1,doi,in-universe
3C87AAPN,journalArticle,1999,Maccarrone,Maccarrone; Salucci; Melino; Rosato; Finazzi-Agro,The early phase of apoptosis in human neuroblastoma CHP100 cells is characterized by lipoxygenase-dependent ultraweak light emission,Biochemical and biophysical research communications,,,W2077287825,1,title~100,in-universe
BLXSKDU3,journalArticle,2006,Yang,Yang; Choi; Yu; Soh; Choi; Ryu,Yin/Yang polarization: quantitative diagnostic evaluation using biophoton measurement from human hands and feet,Journal of Alternative & Complementary Medicine,,http://online.liebertpub.com/doi/pdf/10.1089/acm.2006.12.603,,0,,new-to-universe
2IQLKAJ9,journalArticle,1999,Sauermann,Sauermann; Mei; Hoppe; Stäb,Ultraweak photon emission of human skin in vivo: influence of topically applied antioxidants on human skin,Methods in enzymology,,,W1490902292,1,title~100,in-universe
AQYYHKK9,journalArticle,1998,Maccarrone,Maccarrone; Fantini; Agrò; Rosato,Kinetics of ultraweak light emission from human erythroleukemia K562 cells upon electroporation,Biochimica et Biophysica Acta (BBA)-Biomembranes,,,W2001180198,1,title~100,in-universe
6I2HY9XT,book,2003,Popp,Popp; others,Nonlocal effects of biophoton emission from the human body,,,,,0,,new-to-universe
2ZV4TM96,journalArticle,1988,Scholz,Scholz; Staszkiewicz; Popp; Nagl,Light-stimulated ultraweak photon reemission of human amnion cells and wish cells,Cell Biophysics,,,W2059148895,1,title~100,in-universe
68CUIVWF,journalArticle,2021,Vahalová,Vahalová; Červinková; Cifra,Biological autoluminescence for assessing oxidative processes in yeast cell cultures,Scientific Reports,10.1038/s41598-021-89753-9,https://www.nature.com/articles/s41598-021-89753-9,W3164345057,1,doi,harvested
Z4UZMX79,journalArticle,2014,Cifra,Cifra; Pospíšil,"Ultra-weak photon emission from biological samples: Definition, mechanisms, properties, detection and applications",Journal of Photochemistry and Photobiology B: Biology,10.1016/j.jphotobiol.2014.02.009,https://www.sciencedirect.com/science/article/pii/S1011134414000463,W1995699286,1,doi,in-universe
4CZ4RSZE,conferencePaper,2015,Tománek,Tománek; Senderáková; Páta; Nerudová; Červinková; Hašek; Cifra,Optical spectral analysis of ultra-weak photon emission from tissue culture and yeast cells,,10.1117/12.2069897,http://proceedings.spiedigitallibrary.org/proceeding.aspx?doi=10.1117/12.2069897,W2118281009,0,doi,in-universe
2QFEFH3W,conferencePaper,2015,Červinková,Červinková; Nerudová; Hašek; Cifra; Tománek; Senderáková; Páta,Chemical modulation of the ultra-weak photon emission from Saccharomyces cerevisiae and differentiated HL-60 cells,,10.1117/12.2070424,,W2034096424,0,doi,in-universe
WYZU29J9,journalArticle,2021,Bereta,Bereta; Teplan; Chafai; Radil; Cifra,Biological autoluminescence as a noninvasive monitoring tool for chemical and physical modulation of oxidation in yeast cell culture,Scientific Reports,10.1038/s41598-020-79668-2,https://doi.org/10.1038/s41598-020-79668-2,W3121005468,0,doi,harvested
4E2692BE,journalArticle,2024,Bereta,Bereta; Teplan; Zakar; Vuviet; Cifra; Chafai,Biological autoluminescence enables effective monitoring of yeast cell electroporation,Biotechnology Journal,10.1002/biot.202300475,https://onlinelibrary.wiley.com/doi/abs/10.1002/biot.202300475,W4395043429,0,doi,in-universe
8HVY39GL,journalArticle,2023,Vahalová,Vahalová; Cifra,Biological autoluminescence as a perturbance-free method for monitoring oxidation in biosystems,Progress in Biophysics and Molecular Biology,10.1016/j.pbiomolbio.2022.10.009,https://doi.org/10.1016/j.pbiomolbio.2022.10.009,W4308366428,0,doi,in-universe
76S76636,journalArticle,2015,Cifra,Cifra; Pospíšil,Ultraslabá emise fotonů z biologických systémů: fyzikální podstata a potenciální aplikace,Čs. čas. fyz,,http://www.ufe.cz/sites/default/files/teams/bioelektrodynamika/2015-cifrapospisil-cscf-upe.pdf,,0,,new-to-universe
HCFPVMPQ,thesis,1998,Vogel,Vogel,About the Quenching of the Chemiluminescence from Liquid Culture Media by Microorganisms and Weak Light Emission Patterns from Bacterial Cultures,,,,,0,,new-to-universe
A9MG55PU,journalArticle,2024,Sefati,Sefati; Esmaeilpour; Salari; Zarifkar; Dehghani; Ghaffari; Zadeh-Haghighi; Császár; Bókkon; Rodrigues; Oblak,Monitoring Alzheimer's disease via ultraweak photon emission,iScience,10.1016/j.isci.2023.108744,,W4389719258,0,doi,harvested
XISNGS9M,journalArticle,1979,Allen,Allen,Chemiluminescence from Eukaryotic and Prokaryotic Cells: Reducing Potential and Oxygen Requirements,Photochemistry and Photobiology,10.1111/j.1751-1097.1979.tb07129.x,https://doi.org/10.1111/j.1751-1097.1979.tb07129.x,W1977299627,0,doi,in-universe
4QRZEGYR,journalArticle,1999,Vogel,Vogel; Süssmuth,Weak light emission patterns from lactic acid bacteria,Luminescence,10.1002/(sici)1522-7243(199903/04)14:2<99::aid-bio519>3.0.co;2-7,http://doi.wiley.com/10.1002/%28SICI%291522-7243%28199903/04%2914%3A2%3C99%3A%3AAID-BIO519%3E3.0.CO%3B2-7,W2018681923,0,doi,in-universe
EGM5WZPT,journalArticle,1998,Vogel,Vogel; Guo; Süssmuth,Chemiluminescence patterns from bacterial cultures undergoing bacteriophage induced mass lysis,Bioelectrochemistry and Bioenergetics,10.1016/s0302-4598(98)00123-8,http://linkinghub.elsevier.com/retrieve/pii/S0302459898001238,W2085695470,0,doi,in-universe
P3IHSFSD,journalArticle,1998,Vogel,Vogel; Süssmuth,Interaction of bacterial cells with weak light emission from culture media,Bioelectrochemistry and Bioenergetics,10.1016/s0302-4598(98)00067-1,http://linkinghub.elsevier.com/retrieve/pii/S0302459898000671,W2022045073,0,doi,in-universe
DSQWU2BP,journalArticle,1979,Shvinka,Shvinka; Toma; Gaļiņina; Skards; Viesturs,Production of Superoxide Radicals during Bacterial Respiration,Journal of General Microbiology,10.1099/00221287-113-2-377,https://doi.org/10.1099/00221287-113-2-377,,0,,new-to-universe
LMJANFGN,book,2014,Wijk,Wijk,Light in Shaping Life: Biophotons in Biology and Medicine,,,,,0,,new-to-universe
NGJ4CJ7W,book,2017,Wijk,Wijk,"Biophoton Technology in Energy and Vitality Diagnostics. A Multi-disciplinary, Systems biology, and Biotechnology Appraoch",,,,,0,,new-to-universe
9N8UNCTY,journalArticle,2005,Bennett,Bennett; Mehta; Grant,Biophoton Imaging: A Nondestructive Method for Assaying <i>R</i> Gene Responses,Molecular Plant-Microbe Interactions®,10.1094/mpmi-18-0095,https://apsjournals.apsnet.org/doi/10.1094/MPMI-18-0095,W2058931687,1,doi,in-universe
IWX36VHG,journalArticle,2021,Zhang,Zhang; Zheng; Yang; Wang; Zhao; Gu; Gao; Jiang; Liu; Tang,Quantum correlating measurements of human-body delayed luminescence and preliminary experimental results,OSA Continuum,10.1364/osac.412492,https://opg.optica.org/osac/abstract.cfm?uri=osac-4-2-455,W3114612921,1,doi,in-universe
G6G5KJ5L,journalArticle,2013,Caswell,Caswell; Dotta; Persinger,Cerebral Biophoton Emission as a Potential Factor in Non-Local Human-Machine Interaction,NeuroQuantology,10.14704/nq.2014.12.1.713,https://neuroquantology.com/article.php?id=1142,W2039915196,1,doi,in-universe
77QKWT8E,journalArticle,,Joines,Joines,ELECTROMAGNETIC EMISSION FROM HUMANS DURING FOCUSED INTENT,,,,,0,,new-to-universe
ZELNM4CV,journalArticle,2005,Lipkova,Lipkova; Cechak,Existence of Electromagnetic Radiation in Humans in ELF Band,PIERS Online,10.2529/piers041208101326,http://piers.mit.edu/piersonline/piers.php?year=2005&volume=1&number=2&page=227,W2134471956,1,doi,in-universe
GSZTYRZN,conferencePaper,2007,Van Wijk,Van Wijk; Hamblin; Waynant; Van Wijk; Anders,Studies on the mechanism for low-light effects utilizing color filters in the human ultra-weak photon emission field,,10.1117/12.698120,http://proceedings.spiedigitallibrary.org/proceeding.aspx?doi=10.1117/12.698120,W1967242810,1,doi,in-universe
8WGSYF2P,journalArticle,,Wijk,Wijk; Wijk; Wiegant; Ives,Research on Non-invasive Recording of Low-level Luminescence in ROS- related Human Pathogenesis: State of the Art.,,,,,0,,new-to-universe
6LQVSYAA,journalArticle,2005,Van Wijk,Van Wijk; Ackerman; Van Wijk,Color filters and human photon emission: Implications for auriculomedicine,EXPLORE,10.1016/j.explore.2004.12.003,https://linkinghub.elsevier.com/retrieve/pii/S1550830704000217,W1985124214,1,doi,in-universe
65H5HD49,journalArticle,2015,"Scientific Research Center of Medical Biophysics (SRC MB), Bulgaria","Scientific Research Center of Medical Biophysics (SRC MB), Bulgaria; Ignatov; Mosin; Niggli; Drossinakis; Tyminski; Moscow State University of Applied Biotechnology, Russian Federation; IAWG GmbH, IAWG GmbH, Frankfurt am Main, Germany; Europäische Wissenschaftliche Gesellschaft, Germany",Evaluation of Possible Methods and Approaches for Registering of Non-Ionizing Radiation Emitted from the Human Body,European Journal of Medicine,10.13187/ejm.2015.8.67,https://ejm.cherkasgu.press/journals_n/1435910098.pdf,W4245042809,1,doi,harvested
9TWBGBRJ,journalArticle,2005,Lipkova,Lipkova; Cechak,Human electromagnetic emission in the ELF band,MEASUREMENT SCIENCE REVIEW,,,W2309093958,1,title~100,in-universe
ZXMLC5D2,journalArticle,,Wijk,Wijk,THE SEARCH FOR A BIOSENSOR AS A WITNESS OF A HUMAN LAYING ON OF HANDS RITUAL,,,,W75581189,1,title~100,in-universe
P6CLS74R,journalArticle,,Zheng,Zheng; Zhang; Yip; Zheng; Yang,Preliminary Measurement of Electromagnetic Fields and Microdischarges From the Human Body,,,,W2337732432,1,title~100,in-universe
HRP47C4V,journalArticle,2011,Scholkmann,Scholkmann; Cifra; Moraes; de Mello Gallep,Using multifractal analysis of ultra-weak photon emission from germinating wheat seedlings to differentiate between two grades of intoxication with potassium dichromate,Journal of Physics: Conference Series,10.1088/1742-6596/329/1/012020,https://dx.doi.org/10.1088/1742-6596/329/1/012020,W2005972005,1,doi,harvested
GXMXJHJK,journalArticle,2025,Ghaffari,Ghaffari; Sefati; Esmaeilpour; Salari; Oblak; Simon,The impact of ketamine and thiopental anesthesia on ultraweak photon emission and oxidative-nitrosative stress in rat brains,Frontiers in Systems Neuroscience,10.3389/fnsys.2025.1502589,https://www.frontiersin.org/journals/systems-neuroscience/articles/10.3389/fnsys.2025.1502589/full,W4408688794,1,doi,harvested
ZRYQUEFN,journalArticle,2020,Govardovskii,Govardovskii,Biophotons and visual phenomena,Rossiĭskii fiziologicheskiĭ zhurnal imeni I.M. Sechenova / Rossiĭskaia akademiia nauk,10.31857/s0869813920080117,,W3081149054,1,doi,in-universe
UFTEZ6EY,journalArticle,2016,Footitt,Footitt; Palleschi; Fazio; Palomba; Finch-Savage; Silvestroni,Ultra-weak Photon Emission from the Seed Coat in Response to Temperature and Humidity - A Potential Mechanism for Environmental Signal Transduction in the Soil Seed Bank,Photochemistry and photobiology,10.1111/php.12616,,W2473666161,1,doi,harvested
TRDCZ7FL,journalArticle,2001,Haraguchi,Haraguchi; Kotake; Chen; Parkhomtchouk; Zhang; Yamamoto,Biophoton Change by Mental Concentration,Journal of International Society of Life Information Science,10.18936/islis.19.2_373,,W2593540927,1,title~100,in-universe
X87T4IUP,preprint,2025,Kovács,Kovács; Berke; Nagy; Gulyás; Hersics; Várnagy; Kovács,Ultra-Weak Photon Emission: From Oxidative Metabolism to DNA -Based Communication Towards the New Quantum Biology?,,10.20944/preprints202511.0381.v1,https://www.preprints.org/manuscript/202511.0381,W4415948863,1,doi,in-universe
AHPVCT2F,journalArticle,2003,Popp,Popp,Properties of biophotons and their theoretical implications,Indian journal of experimental biology,,https://www.semanticscholar.org/paper/Properties-of-biophotons-and-their-theoretical-Popp/cf230c111e6374974bd8e608ea1cc1936f6f25d8,W146728166,1,title~100,in-universe
I246T68A,journalArticle,2013,Persinger,Persinger; Dotta; Saroka,Bright light transmits through the brain: Measurement of photon emissions and frequency-dependent modulation of spectral electroencephalographic power,World Journal of Neuroscience,10.4236/wjns.2013.31002,https://www.scirp.org/journal/paperinformation?paperid=27901,W2083522930,1,doi,harvested
NK69WAKF,journalArticle,2011,Dotta,Dotta; Persinger,Increased Photon Emissions from the Right But Not the Left Hemisphere While Imagining White Light in the Dark: The Potential Connection Between Consciousness and Cerebral Light,Journal of Consciousness Exploration & Research,,https://www.semanticscholar.org/paper/Increased-Photon-Emissions-from-the-Right-But-Not-Dotta-Persinger/8ea89a9877c4acd58e0110845486ffd1f0479211,W2147507997,1,title~100,in-universe
NDK93V49,journalArticle,2012,Dotta,Dotta; Saroka; Persinger,Increased photon emission from the head while imagining light in the dark is correlated with changes in electroencephalographic power: Support for Bókkon's biophoton hypothesis,Neuroscience Letters,10.1016/j.neulet.2012.02.021,https://linkinghub.elsevier.com/retrieve/pii/S030439401200208X,W2138303176,1,doi,in-universe
F5R4V3I6,journalArticle,2025,Hoh Kam,Hoh Kam; Clément; Cantat-Moltrecht; Billères; Mitrofanis,Red and near-infrared light treatment can change the intensity of biophoton emissions in cell culture,Scientific Reports,10.1038/s41598-025-22344-0,https://www.nature.com/articles/s41598-025-22344-0,W4415884611,1,doi,harvested
S48BBYDB,journalArticle,1993,Risk,Risk; Kozlovsky; Lau; Bona; Jaeckel; Webb,Biophoton emissions from cell cultures: biochemical evidence for the plasma membrane as the primary source,Compact Blue-Green Lasers,,https://www.semanticscholar.org/paper/Biophoton-emissions-from-cell-cultures%3A-biochemical-Dotta-Buckner/6970d294eec9df48439b24a5bf430d13cddc4c5d,W125667092,0,title~100,in-universe
MD5BUZ6U,journalArticle,2012,Dotta,Dotta; Persinger,"“Doubling” of local photon emissions when two simultaneous, spatially-separated, chemiluminescent reactions share the same magnetic field configurations",Journal of Biophysical Chemistry,10.4236/jbpc.2012.31009,http://www.scirp.org/journal/doi.aspx?DOI=10.4236/jbpc.2012.31009,W1995317175,1,doi,harvested
2Y4956Q8,journalArticle,2025,Casey,Casey; DiBerardino; Bonzanni; Rouleau; Murugan,Exploring ultraweak photon emissions as optical markers of brain activity,iScience,10.1016/j.isci.2025.112019,https://pmc.ncbi.nlm.nih.gov/articles/PMC11927727/,W4407397928,1,doi,harvested
T7JN5AZK,bookSection,2003,Popp,Popp; Beloussov; Popp,"Biophotons — Background, Experimental Results, Theoretical Approach and Applications",Integrative Biophysics,10.1007/978-94-017-0373-4_12,https://link.springer.com/10.1007/978-94-017-0373-4_12,W2199084276,1,doi,in-universe
3MV8J8N3,journalArticle,1984,Popp,Popp; Nagl; Li; Scholz; Weingärtner; Wolf,Biophoton emission,Cell Biophysics,10.1007/bf02788579,https://doi.org/10.1007/BF02788579,W2332190922,1,doi,in-universe
T4AWE5PS,journalArticle,2017,Saraiva,Saraiva; Júnior; De Melo E Souza; Pena; Monken; Santos; Koiller; Jorio,Photonic Counterparts of Cooper Pairs,Physical Review Letters,10.1103/physrevlett.119.193603,https://link.aps.org/doi/10.1103/PhysRevLett.119.193603,,0,,harvested
9BRWG6IC,journalArticle,1979,Cercek,Cercek; Cercek; Laboratories; Hospital,INVOLVEMENT OF MITOCHONDRIA IN CHANGES OF FLUORESCEIN EXCITATION AND EMISSION POLARIZATION SPECTRA IN LIVING CELLS,,,,W2030441597,1,title~98,harvested
T6CF2R9X,journalArticle,2016,Shi,Shi; Galvez; Alfano,Photon Entanglement Through Brain Tissue,Scientific Reports,10.1038/srep37714,https://www.nature.com/articles/srep37714,W2560914789,1,doi,harvested
2HLVJFW3,journalArticle,2005,Ntziachristos,Ntziachristos; Ripoll; Wang; Weissleder,Looking and listening to light: the evolution of whole-body photonic imaging,Nature Biotechnology,10.1038/nbt1074,https://www.nature.com/articles/nbt1074,W2017062848,1,doi,in-universe
IFJVM74T,journalArticle,2018,Naumova,Naumova; Naumova; Isaev; Volodyaev,Historical review of early researches on mitogenetic radiation: from discovery to cancer diagnostics,Journal of Biomedical Photonics & Engineering,10.18287/jbpe18.04.040201,http://jbpe.ssau.ru/index.php/JBPE/article/view/3308,W2979283984,1,doi,harvested
L6HSA6CY,journalArticle,2015,Maghrebi,Maghrebi; Gullans; Bienias; Choi; Martin; Firstenberg; Lukin; Büchler; Gorshkov,Coulomb bound states of strongly interacting photons,Physical Review Letters,10.1103/physrevlett.115.123601,http://arxiv.org/abs/1505.03859,W1009399813,1,doi,harvested
5KIJMNHQ,journalArticle,2007,Livet,Livet; Weissman; Kang; Draft; Lu; Bennis; Sanes; Lichtman,Transgenic strategies for combinatorial expression of fluorescent proteins in the nervous system,Nature,10.1038/nature06293,https://www.nature.com/articles/nature06293,,0,,new-to-universe
7PC8Z5S8,journalArticle,2018,Giorgi,Giorgi; Marchi; Pinton,"The machineries, regulation and cellular functions of mitochondrial calcium",Nature Reviews Molecular Cell Biology,10.1038/s41580-018-0052-8,https://www.nature.com/articles/s41580-018-0052-8,,0,,new-to-universe
4HS2G76Z,journalArticle,2014,Sanders,Sanders,Speculations about Bystander and Biophotons,Dose-Response,10.2203/dose-response.14-002.sanders,https://journals.sagepub.com/doi/10.2203/dose-response.14-002.Sanders,W1894462531,0,doi,harvested
DXL2ZNH4,journalArticle,2010,Bass,Bass; Takahashi,Circadian Integration of Metabolism and Energetics,Science,10.1126/science.1195027,https://www.science.org/doi/10.1126/science.1195027,,0,,new-to-universe
E7TXPNDR,journalArticle,2008,Bajpai,Bajpai,Quantum nature of photon signal emitted by Xanthoria parietina and its implications to biology,INDIAN J EXP BIOL,,,W43326842,0,title~100,in-universe
AIWM6N73,journalArticle,2021,Ikeya,Ikeya; Woodward,Cellular autofluorescence is magnetic field sensitive,Proceedings of the National Academy of Sciences,10.1073/pnas.2018043118,https://pnas.org/doi/full/10.1073/pnas.2018043118,W3119926863,0,doi,harvested
3YBHJJUP,journalArticle,2017,He,He; Van Wijk; Van Wietmarschen; Wang; Sun; Koval; Van Wijk; Hankemeier; Van Der Greef,Spontaneous ultra-weak photon emission in correlation to inflammatory metabolism and oxidative stress in a mouse model of collagen-induced arthritis,Journal of Photochemistry and Photobiology B: Biology,10.1016/j.jphotobiol.2016.12.036,https://linkinghub.elsevier.com/retrieve/pii/S1011134416307539,W2585964112,0,doi,in-universe
8LDPBED4,journalArticle,2019,Duan,Duan; Navarro-Dorado; Clark; Kinnear; Meinke; Schirmer; Evans,The cell-wide web coordinates cellular processes by directing site-specific Ca2+ flux across cytoplasmic nanocourses,Nature Communications,10.1038/s41467-019-10055-w,https://www.nature.com/articles/s41467-019-10055-w,,0,,harvested
AW2UBQKK,journalArticle,,Trushin,Trushin,Distant Non-chemical Communication in Various Biological Systems,,,,W2397160449,0,title~100,in-universe
FEM9YZ75,journalArticle,2013,Kučera,Kučera; Cifra,Cell-to-cell signaling through light: just a ghost of chance?,Cell Communication and Signaling,10.1186/1478-811x-11-87,http://biosignaling.biomedcentral.com/articles/10.1186/1478-811X-11-87,W2095038636,0,doi,harvested
LL5H3GV7,journalArticle,2002,Walenta,Walenta; Schroeder; Mueller-Klieser,Metabolic mapping with bioluminescence: basic and clinical relevance,Biomolecular Engineering,10.1016/s1389-0344(01)00107-1,https://linkinghub.elsevier.com/retrieve/pii/S1389034401001071,,0,,new-to-universe
JE2KICPY,journalArticle,2016,Kumar,Kumar; Boone; Tuszyński; Barclay; Simon,Possible existence of optical communication channels in the brain,Scientific Reports,10.1038/srep36508,https://www.nature.com/articles/srep36508,W2499288807,0,doi,harvested
KPBWVF2R,journalArticle,2015,Krenn,Krenn; Handsteiner; Fink; Fickler; Zeilinger,Twisted photon entanglement through turbulent air across Vienna,Proceedings of the National Academy of Sciences,10.1073/pnas.1517574112,https://pnas.org/doi/full/10.1073/pnas.1517574112,,0,,new-to-universe
843XPMJC,journalArticle,2019,He,He; Sun; Koval; Van Wijk; Hankemeier; Van Der Greef; Van Wijk; Wang,Traditional Chinese Medicine-Based Subtyping of Early-Stage Type 2 Diabetes Using Plasma Metabolomics Combined with Ultra-Weak Photon Emission,Engineering,10.1016/j.eng.2019.03.011,https://linkinghub.elsevier.com/retrieve/pii/S2095809918306696,W2950162936,0,doi,in-universe
JJ8I9P9Y,journalArticle,1991,Galle,Galle; Neurohr; Altmann; Popp; Nagl,Biophoton emission from Daphnia magna: A possible factor in the self-regulation of swarming,Experientia,10.1007/bf01959943,http://link.springer.com/10.1007/BF01959943,W2000660968,0,doi,in-universe
DEDPP32W,journalArticle,2017,Fels,Fels,Endogenous physical regulation of population density in the freshwater protozoan Paramecium caudatum,Scientific Reports,10.1038/s41598-017-14231-0,https://www.nature.com/articles/s41598-017-14231-0,W2765089583,1,doi,harvested
D32TUYRZ,journalArticle,2016,Fels,Fels,Physical Non-Contact Communication between Microscopic Aquatic Species: Novel Experimental Evidences for an Interspecies Information Exchange,Journal of Biophysics,10.1155/2016/7406356,https://www.hindawi.com/journals/jbp/2016/7406356/,W2290818697,1,doi,harvested
EMHGAY7R,journalArticle,2009,Fels,Fels; Carter,Cellular Communication through Light,PLoS ONE,10.1371/journal.pone.0005086,https://dx.plos.org/10.1371/journal.pone.0005086,W2092319343,1,doi,harvested
62AVW6QV,journalArticle,2014,Farhadi,Farhadi,Non-Chemical Distant Cellular Interactions as a potential confounder of cell biology experiments,Frontiers in Physiology,10.3389/fphys.2014.00405,http://journal.frontiersin.org/article/10.3389/fphys.2014.00405/abstract,W1973595116,1,doi,harvested
374KXDUI,journalArticle,2007,Engel,Engel; Calhoun; Read; Ahn; Mančal; Cheng; Blankenship; Fleming,Evidence for wavelike energy transfer through quantum coherence in photosynthetic systems,Nature,10.1038/nature05678,https://www.nature.com/articles/nature05678,W2058468006,1,doi,in-universe
ACXE294Z,journalArticle,2011,Persinger,Persinger; Dotta,Temporal Patterns of Photon Emissions Can Be Stored and Retrieved Several Days Later From the “Same Space”: Experimental and Quantitative Evidence,NeuroQuantology,10.14704/nq.2011.9.4.467,https://neuroquantology.com/article.php?id=2283,W2009830920,1,doi,in-universe
WJYH9IKS,journalArticle,2018,Chrétien,Chrétien; Bénit; Ha; Keipert; El-Khoury; Chang; Jastroch; Jacobs; Rustin; Rak; Lane,Mitochondria are physiologically maintained at close to 50 °C,PLOS Biology,10.1371/journal.pbio.2003992,https://dx.plos.org/10.1371/journal.pbio.2003992,W2950530527,1,doi,harvested
4KA924ZM,journalArticle,2015,Caligiuri,Caligiuri,"Zero-Point Field, QED Coherence, Living Systems and Biophotons Emission",Open Journal of Biophysics,10.4236/ojbiphy.2015.51002,http://www.scirp.org/journal/doi.aspx?DOI=10.4236/ojbiphy.2015.51002,W2004094183,1,doi,harvested
278GQIMR,journalArticle,2000,Burlakov,Burlakov; Burlakova; Golichenkov,Distant wave-mediated interactions in early embryonic development of the loachMisgurnus fossilis L.,Russian Journal of Developmental Biology,10.1007/bf02758907,http://link.springer.com/10.1007/BF02758907,W1987122254,1,doi,in-universe
8VYKRRB2,journalArticle,2016,Burgos,Burgos; Červinková; Van Der Laan; Ramautar; Van Wijk; Cifra; Koval; Berger; Hankemeier; Van Der Greef,Tracking biochemical changes correlated with ultra-weak photon emission using metabolomics,Journal of Photochemistry and Photobiology B: Biology,10.1016/j.jphotobiol.2016.08.030,https://linkinghub.elsevier.com/retrieve/pii/S1011134416302871,W2517373864,1,doi,in-universe
U733CFFC,journalArticle,2016,Burgos,Burgos; Van Wijk; Van Wijk; He; Van Der Greef,Crossing the Boundaries of Our Current Healthcare System by Integrating Ultra-Weak Photon Emissions with Metabolomics,Frontiers in Physiology,10.3389/fphys.2016.00611,http://journal.frontiersin.org/article/10.3389/fphys.2016.00611/full,W2564416915,1,doi,harvested
QWAS8KBB,journalArticle,,Brouder,Brouder; Cifra,Coherence and statistical properties of ultra-weak photon emission,,,,,0,,new-to-universe
63WTEKKM,journalArticle,,Chaban,Chaban; Cho; Reid; Norris,Physically disconnected non-diffusible cell-to-cell communication between neuroblastoma SH-SY5Y and DRG primary sensory neurons,,,,W1523400026,1,title~100,in-universe
K3ZNMAL2,journalArticle,2005,Albrecht-Buehler,Albrecht-Buehler,A long-range attraction between aggregating 3T3 cells mediated by near-infrared light scattering,Proceedings of the National Academy of Sciences,10.1073/pnas.0407763102,https://pnas.org/doi/full/10.1073/pnas.0407763102,W2171244447,1,doi,harvested
WIJDKRQ2,journalArticle,1992,Albrecht-Buehler,Albrecht-Buehler,"Rudimentary form of cellular ""vision""",Proceedings of the National Academy of Sciences,10.1073/pnas.89.17.8288,https://pnas.org/doi/full/10.1073/pnas.89.17.8288,W2082958842,1,doi,in-universe
NIKZBAGZ,journalArticle,2009,Brizhik,Brizhik; Eremko; Piette; Zakrzewski,Effects of Periodic Electromagnetic Field on Charge Transport in Macromolecules,Electromagnetic Biology and Medicine,10.1080/15368370802708223,http://www.tandfonline.com/doi/full/10.1080/15368370802708223,W2049733351,1,doi,in-universe
ZXSXRYDQ,journalArticle,2018,Bordoni,Bordoni; Marelli; Morabito; Sacconi,Emission of Biophotons and Adjustable Sounds by the Fascial System: Review and Reflections for Manual Therapy,Journal of Evidence-Based Integrative Medicine,10.1177/2515690x17750750,https://journals.sagepub.com/doi/10.1177/2515690X17750750,W2787444911,1,doi,harvested
HLGCRSTL,journalArticle,,Beloussov,Beloussov; Burlakov; Louchinskaia,Biophotonic patterns of optical interactions between fish eggs and embryos,,,,W2418169692,1,title~100,in-universe
A8KGLSND,journalArticle,,Bajpai,Bajpai,"Biophotonic route for understanding mind, brain, and the world",,,,W2188393532,1,title~100,harvested
FDTADK4T,journalArticle,1980,Kaznacheev,Kaznacheev; Mikhailova; Kartashov,Distant intercellular electromagnetic interaction between two tissue cultures,Bulletin of Experimental Biology and Medicine,10.1007/bf00834249,http://link.springer.com/10.1007/BF00834249,W1999929459,1,doi,in-universe
FMNLGXXS,journalArticle,2017,Madl,Madl; Verwanger; Geppert; Scholkmann,Oscillations of ultra-weak photon emission from cancer and non-cancer cells stressed by culture medium change and TNF-α,Scientific Reports,10.1038/s41598-017-10949-z,https://www.nature.com/articles/s41598-017-10949-z,W2752165143,1,doi,harvested
8JNSK74U,journalArticle,2018,Zarkeshian,Zarkeshian; Kumar; Tuszynski; Barclay; Simon,Are there optical communication channels in the brain?,Frontiers in Bioscience,10.2741/4652,http://arxiv.org/abs/1708.08887,W2751268700,1,doi,harvested
URVACVE4,journalArticle,2015,Volodyaev,Volodyaev; Beloussov,Revisiting the mitogenetic effect of ultra-weak photon emission,Frontiers in Physiology,10.3389/fphys.2015.00241,http://journal.frontiersin.org/Article/10.3389/fphys.2015.00241/abstract,W1920668343,1,doi,harvested
IWVKWGTC,journalArticle,2017,Tsai,Tsai; Hamblin,Biological effects and medical applications of infrared radiation,Journal of Photochemistry and Photobiology B: Biology,10.1016/j.jphotobiol.2017.04.014,https://linkinghub.elsevier.com/retrieve/pii/S1011134416311691,W2607303579,1,doi,in-universe
Y54GTDYK,journalArticle,2010,Sun,Sun; Wang; Dai,Biophotons as neural communication signals demonstrated by in situ biophoton autography,Photochemical & Photobiological Sciences,10.1039/b9pp00125e,https://link.springer.com/10.1039/b9pp00125e,W2056591841,1,doi,harvested
6B4YUQTS,journalArticle,2019,Usui,Usui; Tada; Kobayashi,Non-invasive visualization of physiological changes of insects during metamorphosis based on biophoton emission imaging,Scientific Reports,10.1038/s41598-019-45007-3,https://www.nature.com/articles/s41598-019-45007-3,W2951811678,1,doi,harvested
QQ9VXHVF,journalArticle,2015,Alvermann,Alvermann; Srivastava; Swain; Widom,Biological electric fields and rate equations for biophotons,European Biophysics Journal,10.1007/s00249-015-1011-3,http://link.springer.com/10.1007/s00249-015-1011-3,W2068083519,1,doi,in-universe
J5ACCWS4,journalArticle,2009,Škarja,Škarja; Jerman; Ružič; LeskovaR; Jejčič,Electric Field Absorption and Emission as an Indicator of Active Electromagnetic Nature of Organisms—Preliminary Report,Electromagnetic Biology and Medicine,10.1080/15368370802711854,http://www.tandfonline.com/doi/full/10.1080/15368370802711854,W2060964109,1,doi,in-universe
RTJL7XN9,journalArticle,2017,Shi,Shi; Luo,Biophotonics in China,Journal of Biophotonics,10.1002/jbio.201790012,https://onlinelibrary.wiley.com/doi/10.1002/jbio.201790012,W2773586629,1,doi,in-universe
CUNDZ52G,journalArticle,2016,Scholkmann,Scholkmann,Long range physical cell-to-cell signalling via mitochondria inside membrane nanotubes: a hypothesis,Theoretical Biology and Medical Modelling,10.1186/s12976-016-0042-5,https://tbiomed.biomedcentral.com/articles/10.1186/s12976-016-0042-5,W2416305713,1,doi,harvested
9I76SYHN,journalArticle,,Rubik,Rubik,"EFFECTS OF INTENTION, ENERGY HEALING, AND MIND-BODY STATES ON BIOPHOTON EMISSION",,,,W2616374599,0,title~100,in-universe
DVLTUSTX,journalArticle,2011,Rossi,Rossi; Foletti; Magnani; Lamponi,New perspectives in cell communication: Bioelectromagnetic interactions,Seminars in Cancer Biology,10.1016/j.semcancer.2011.04.003,https://linkinghub.elsevier.com/retrieve/pii/S1044579X11000289,W2009552889,1,doi,in-universe
CRDFT7SH,journalArticle,1998,Rieke,Rieke; Baylor,Single-photon detection by rod cells of the retina,Reviews of Modern Physics,10.1103/revmodphys.70.1027,https://link.aps.org/doi/10.1103/RevModPhys.70.1027,W2120277394,1,doi,in-universe
T5KYPHGI,journalArticle,,Rác,Rác,Ultra-weak photon emission from U937 cell culture,,,,W2761618328,1,title~100,in-universe
95JZRP6C,journalArticle,2014,,,Ultraweak Electromagnetic Wavelength Radiation as Biophotonic Signals to Regulate Life Processes,Journal of Electrical & Electronic Systems,10.4172/2332-0796.1000126,http://www.omicsgroup.org/journals/ultraweak-electromagnetic-wavelength-radiation-as-biophotonic-signals-to-regulate-life-processes-2332-0796.1000126.php?aid=25407,W2183981096,1,doi,in-universe
QZQA8Z2E,journalArticle,2016,Pang,Pang; Yang; Fu; Zhao; Van Wijk; Wang; Liu; Zhou; Fan; Han,Classification of Chinese herbs based on the cluster analysis of delayed luminescence,Luminescence,10.1002/bio.2987,https://analyticalsciencejournals.onlinelibrary.wiley.com/doi/10.1002/bio.2987,W1587300773,1,doi,in-universe
LLNCDZPL,journalArticle,2015,Navrotsky,Navrotsky; Blokhin; Belavskaya; Lisitsyna; Lyutkevich; Poteryaeva; Yudin; Litscher,Patterns of Skin Luminescence Resulting from the Visualization of Active Acupuncture Points Using Optical Stimulation,Integrative Medicine International,10.1159/000433470,https://karger.com/article/doi/10.1159/000433470,,0,,new-to-universe
FW6QMMKM,journalArticle,2018,Murugan,Murugan; Rouleau; Karbowski; Persinger,Biophotonic markers of malignancy: Discriminating cancers using wavelength-specific biophotons,Biochemistry and Biophysics Reports,10.1016/j.bbrep.2017.11.001,https://linkinghub.elsevier.com/retrieve/pii/S2405580817301590,W2769192809,0,doi,harvested
GT38UZWG,journalArticle,1984,Bat'yanov,Bat'yanov,Distant-optical interaction of mitochondria through quartz,Bulletin of Experimental Biology and Medicine,10.1007/bf00804160,https://doi.org/10.1007/BF00804160,W77239587,0,doi,in-universe
RJDMWBRB,journalArticle,2022,Pónya,Pónya; Somfalvi-Tóth,Modelling biophoton emission kinetics based on the initial intensity value in Helianthus annuus plants exposed to different types of stress,Scientific Reports,10.1038/s41598-022-06323-3,https://www.nature.com/articles/s41598-022-06323-3,W4210965550,0,doi,harvested
BRRGUWF3,journalArticle,2001,Tuszyński,Tuszyński; Dixon,Quantitative analysis of the frequency spectrum of the radiation emitted by cytochrome oxidase enzymes,Physical Review E,10.1103/physreve.64.051915,https://link.aps.org/doi/10.1103/PhysRevE.64.051915,W2002991469,0,doi,in-universe
UBM7XQAQ,journalArticle,2023,Mould,Mould; Kalampouka; Thomas; Guy; Nunn; Bell,Non-chemical signalling between mitochondria,Frontiers in Physiology,10.3389/fphys.2023.1268075,https://www.frontiersin.org/journals/physiology/articles/10.3389/fphys.2023.1268075/full,W4386957427,0,doi,harvested
9A9MCPE3,journalArticle,2025,Archana Lakshmaiah,Archana Lakshmaiah,Justification of Ultra weak Photon Emission as a Biomarker for Mitochondrial Function in Plants,The Academic,10.5281/zenodo.15651514,https://zenodo.org/records/15651514,,0,,new-to-universe
FWGWZTNS,preprint,2023,Langer,Langer; Langer,Why are spontaneous bio photons observed only in living organisms? The key role of the proton current in ultra-weak photon emission,,10.1101/2023.09.15.557955,https://www.biorxiv.org/content/10.1101/2023.09.15.557955v1,,0,,harvested
F5GWRPF2,journalArticle,2011,Rahnama,Rahnama; Tuszynski; Bókkon; Cifra; Sardar; Salari,Emission of mitochondrial biophotons and their effect on electrical activity of membrane via microtubules,Journal of Integrative Neuroscience,10.1142/s0219635211002622,https://www.worldscientific.com/doi/abs/10.1142/S0219635211002622,W2161827024,0,doi,in-universe
5WWB6FK8,journalArticle,2017,Burgos,Burgos; Schoeman; Winden; Červinková; Ramautar; Van Wijk; Cifra; Berger; Hankemeier; Greef,Ultra-weak photon emission as a dynamic tool for monitoring oxidative stress metabolism,Scientific Reports,10.1038/s41598-017-01229-x,https://www.nature.com/articles/s41598-017-01229-x,W2606135676,0,doi,harvested
XNX3PKQK,webpage,,,,Fields of the cell,,10.13140/rg.2.1.1029.7044,https://www.researchgate.net/publication/281409607_Fields_of_the_cell,,0,,new-to-universe
LS4XNKLV,journalArticle,,van Wijk,van Wijk; Tjeerdema; Küper-Frerich; van Wijk,Biofotonen en meridianen: op weg naar een nieuwe effectmaat,,,,,0,,new-to-universe
FXXSR4ZD,journalArticle,,van Wijk,van Wijk,Bio-photons and Bio-communication,,,,W2105934620,0,title~97,in-universe
EXEG33MZ,journalArticle,2024,Paolis,Paolis; Francini; Davoli; De Matteis; Scordo; Clozza; Grandi; Pace; Curceanu; Grigolini; Benfatto,Biophotons: A Hard Problem,Applied Sciences,10.3390/app14135496,https://www.mdpi.com/2076-3417/14/13/5496,W4400038049,0,doi,in-universe
HBUBCYH4,journalArticle,2024,Babcock,Babcock,Open quantum systems theory of ultraweak ultraviolet photon emissions: Revisiting Gurwitsch's onion experiment as a prototype for quantum biology,Computational and Structural Biotechnology Journal,10.1016/j.csbj.2024.11.030,https://www.csbj.org/article/S2001-0370(24)00401-X/fulltext,W4404871602,1,doi,harvested
9H4I7YS2,journalArticle,2014,Dotta,Dotta; Vares; Buckner; Lafrenie; Persinger,Magnetic Field Configurations Corresponding to Electric Field Patterns That Evoke Long-Term Potentiation Shift Power Spectra of Light Emissions from Microtubules from Non-Neural Cells,Open Journal of Biophysics,10.4236/ojbiphy.2014.44013,https://www.scirp.org/journal/paperinformation?paperid=49956,W2020374219,1,doi,harvested
HNCL9VR4,journalArticle,2025,Salari,Salari; Seshan; Frankle; England; Simon; Oblak,Imaging Ultraweak Photon Emission from Living and Dead Mice and from Plants under Stress,The Journal of Physical Chemistry Letters,10.1021/acs.jpclett.4c03546,https://doi.org/10.1021/acs.jpclett.4c03546,W4409735377,1,doi,in-universe
AGZLKNNC,journalArticle,2024,Pietruszka,Pietruszka; Marzec,Ultra-weak photon emission from DNA,Scientific Reports,10.1038/s41598-024-80469-0,https://www.nature.com/articles/s41598-024-80469-0,W4404582469,1,doi,harvested
KSVJYXLE,journalArticle,2020,Prasad,Prasad; Gouripeddi; Devireddy; Ovsii; Rachakonda; Wijk; Pospíšil,Spectral Distribution of Ultra-Weak Photon Emission as a Response to Wounding in Plants: An In Vivo Study,Biology,10.3390/biology9060139,https://www.mdpi.com/2079-7737/9/6/139,W3037707140,1,doi,harvested
439HKSND,journalArticle,2022,Tian,Tian; Li; Liu; Zheng; Li; Zhao; Wang; Li; Wang; Gao; Tang; Zhang; Wu,Relationship between delayed luminescence emission and mitochondrial status in Saccharomyces cerevisiae,Scientific Reports,10.1038/s41598-021-04290-9,https://www.nature.com/articles/s41598-021-04290-9,W4205938466,1,doi,harvested
P5SR9UTW,journalArticle,2013,Scholkmann,Scholkmann; Fels; Cifra,Non-chemical and non-contact cell-to-cell communication: a short review,American Journal of Translational Research,,https://www.ncbi.nlm.nih.gov/pmc/articles/PMC3786266/,W66681095,1,title~100,harvested
A53XF532,journalArticle,2024,Babcock,Babcock; Montes-Cabrera; Oberhofer; Chergui; Celardo; Kurian,Ultraviolet Superradiance from Mega-Networks of Tryptophan in Biological Architectures,The Journal of Physical Chemistry B,10.1021/acs.jpcb.3c07936,https://doi.org/10.1021/acs.jpcb.3c07936,W4394950159,1,doi,harvested
54P77VTH,journalArticle,1923,Gurwitsch,Gurwitsch,Die Natur des spezifischen Erregers der Zellteilung,Archiv für mikroskopische Anatomie und Entwicklungsmechanik,10.1007/bf02111053,https://link.springer.com/article/10.1007/BF02111053,W2021904101,1,doi,harvested
MPFHU66G,journalArticle,,,,A tribute to Fritz-Albert Popp on the occasion of his 70th birthday,ResearchGate,,https://www.researchgate.net/publication/23165441_A_tribute_to_Fritz-Albert_Popp_on_the_occasion_of_his_70th_birthday,W2399369094,1,title~100,in-universe
H2TI3CSK,journalArticle,2020,Esmaeilpour,Esmaeilpour; Fereydouni; Dehghani; Bókkon; Panjehshahin; Császár-Nagy; Ranjbar; Salari,An Experimental Investigation of Ultraweak Photon Emission from Adult Murine Neural Stem Cells,Scientific Reports,10.1038/s41598-019-57352-4,https://www.ncbi.nlm.nih.gov/pmc/articles/PMC6965084/,W2999575750,1,doi,harvested
EVQEI98Z,journalArticle,1988,Gurwitsch,Gurwitsch,A historical review of the problem of mitogenetic radiation,Experientia,10.1007/bf01953301,https://link.springer.com/article/10.1007/BF01953301,W1969227038,1,doi,in-universe
XJJEE424,journalArticle,2005,Mansfield,Mansfield,Biophoton distress flares signal the onset of the hypersensitive reaction,Trends in Plant Science,10.1016/j.tplants.2005.05.007,https://www.sciencedirect.com/science/article/pii/S1360138505001275,W2013652869,1,doi,in-universe
WL4EXNL2,journalArticle,2024,Schramm,Schramm; Weiß,Bioluminescence – The Vibrant Glow of Nature and its Chemical Mechanisms,ChemBioChem,10.1002/cbic.202400106,https://onlinelibrary.wiley.com/doi/abs/10.1002/cbic.202400106,W4392715050,1,doi,in-universe
YG2NLZNQ,journalArticle,2017,Yang,Yang; Ding; Liu; Fan; Bajpai; Fu; Pang; Zhao; Han,Ultra-weak photon emission in healthy subjects and patients with type 2 diabetes: evidence for a non-invasive diagnostic tool,Photochemical & Photobiological Sciences,10.1039/c6pp00431h,https://link.springer.com/article/10.1039/c6pp00431h,W2594646273,1,doi,in-universe
3GQ5HGVU,journalArticle,2024,Tong,Tong,Biophoton signaling in mediation of cell-to-cell communication and radiation-induced bystander effects,Radiation Medicine and Protection,10.1016/j.radmp.2024.06.004,https://www.sciencedirect.com/science/article/pii/S2666555724000546,W4399870880,1,doi,in-universe
RJNIHFDM,journalArticle,2021,Benfatto,Benfatto; Pace; Curceanu; Scordo; Clozza; Davoli; Lucci; Francini; De Matteis; Grandi; Tuladhar; Grigolini,Biophotons and Emergence of Quantum Coherence—A Diffusion Entropy Analysis,Entropy,10.3390/e23050554,https://www.mdpi.com/1099-4300/23/5/554,W3157775700,1,doi,harvested
2Y4TR82W,journalArticle,2011,Cifra,Cifra; Fields; Farhadi,Electromagnetic cellular interactions,Progress in Biophysics and Molecular Biology,10.1016/j.pbiomolbio.2010.07.003,https://www.sciencedirect.com/science/article/pii/S0079610710000660,W2043432757,1,doi,in-universe
W6ZXGE3C,journalArticle,2018,Saeidfirozeh,Saeidfirozeh; Shafiekhani; Cifra; Masoudi,Endogenous Chemiluminescence from Germinating Arabidopsis Thaliana Seeds,Scientific Reports,10.1038/s41598-018-34485-6,http://www.nature.com/articles/s41598-018-34485-6,W2898432932,1,doi,harvested
NTKK64AG,journalArticle,2017,Poplová,Poplová; Sovka; Cifra; Najbauer,Poisson pre-processing of nonstationary photonic signals: Signals with equality between mean and variance,PLOS ONE,10.1371/journal.pone.0188622,http://dx.plos.org/10.1371/journal.pone.0188622,W2775301342,1,doi,harvested
EHJCKLM7,journalArticle,2019,Dlask,Dlask; Kukal; Poplová; Sovka; Cifra,Short-time fractal analysis of biological autoluminescence,PLOS ONE,10.1371/journal.pone.0214427,https://journals.plos.org/plosone/article?id=10.1371/journal.pone.0214427,W2964505745,1,doi,harvested
CF4PJKHM,journalArticle,2018,Guo,Guo; Guo; Zhang; Zhao; Fan; Zhi; Li; Wang,Biological Ultra-weak Luminescence and Its Application to Research of Acupuncture,Zhen Ci Yan Jiu,10.13702/j.1000-0607.170360,,,0,,new-to-universe
T6NRTFYD,journalArticle,1989,Yan,Yan; Shi; Wang,Investigation on the biophysical features of strong luminescence phenomena in the 14 channel of human body,Zhen Ci Yan Jiu,,,,0,,new-to-universe
MTQQDCPU,journalArticle,2009,Park,Park; Kim; Koo,Magneto-acupuncture stimuli effects on ultraweak photon emission from hands of healthy persons,Journal of Acupuncture and Meridian Studies,10.1016/s2005-2901(09)60014-5,,W2034749636,0,doi,in-universe
VMMAVQW7,journalArticle,2004,Yang,Yang; Choi; Woo; Yi; Soh; Yang,Left-right and Yin-Yang balance of biophoton emission from hands,Acupuncture & Electro-Therapeutics Research,,,W130479031,0,title~100,in-universe
ZVB9AHQR,journalArticle,2017,Srinivasan,Srinivasan,Biophotons as Subtle Energy Carriers,International Journal of Yoga,10.4103/ijoy.ijoy_18_17,,W2610561775,0,doi,harvested
TE3MYPHU,journalArticle,2003,Jung,Jung; Woo; Yang; Choi; Lee; Yoon; Yang; Soh,Photon counting statistics analysis of biophotons from hands,Indian Journal of Experimental Biology,,,W116756609,0,title~100,in-universe
3TS7HXPS,journalArticle,2017,Zhao,Zhao; Pang; Fu; Yang; Van Wijk; Liu; Fan; Zhang; Han,Application of Spontaneous Photon Emission in the Growth Ages and Varieties Screening of Fresh Chinese Herbal Medicines,Evidence-Based Complementary and Alternative Medicine,10.1155/2017/9341359,,W2583506909,1,title~100,harvested
R8ARR84E,journalArticle,2003,Cohen,Cohen; Popp,Biophoton emission of human body,Indian Journal of Experimental Biology,,,W203767944,0,title~100,in-universe
TY9LU6XB,journalArticle,2013,Soh,Soh; Kang; Ryu,50 years of bong-han theory and 10 years of primo vascular system,Evidence-Based Complementary and Alternative Medicine,10.1155/2013/587827,,W2100210586,0,doi,harvested
GZDPY834,journalArticle,2005,Jung,Jung; Woo; Yang; Choi; Lee; Yoon; Yang; Lee; Soh,Year-long biophoton measurements: normalized frequency count analysis and seasonal dependency,Journal of Photochemistry and Photobiology B: Biology,10.1016/j.jphotobiol.2004.08.009,https://pubmed.ncbi.nlm.nih.gov/15664502/,W2083791969,1,doi,in-universe
68FWBIXI,journalArticle,2003,Jung,Jung; Yang; Woo; Choi; Yang; Soh,Left-right asymmetry of biophoton emission from hemiparesis patients,Indian Journal of Experimental Biology,,https://pubmed.ncbi.nlm.nih.gov/15244266/,W2418194464,1,title~100,in-universe
QBUN6K42,bookSection,1979,Dobrin,Dobrin; Kirsch; Kirsch; Pierrakos; Schwartz; Wolff; Zeira; Krippner,Experimental measurements of the human energy field,"Psychoenergetic Systems: The Interface of Consciousness, Energy and Matter",,,,0,,new-to-universe
XEG3J5CP,journalArticle,1992,Grasso,Grasso; Grillo; Musumeci; Triglia; Rodolico,Photon emission from normal and tumor human tissues,Experientia,10.1007/bf01923594,,W2016585659,1,doi,in-universe
UJ3549LC,journalArticle,1996,Kobayashi,Kobayashi; Devaraj; Usa; Tanno; Takeda; Inaba,Development and applications of new technology for two-dimensional space-time characterization and correlation analysis of ultraweak biophoton information,Frontiers in Medical and Biological Engineering,,,W593033248,1,title~100,in-universe
G7J3ATLW,bookSection,1992,Inaba,Inaba,Ultrasensitive Measurements and Studies on Biophoton as Biological Information in the Optical Region,Recent Advances in Biophoton Research and its Applications,,,,0,,new-to-universe
G5ABP667,journalArticle,2007,Lanzano,Lanzano; Scordino; Privitera; Tudisco; Musumeci,Spectral analysis of Delayed Luminescence from human skin as a possible non-invasive diagnostic tool,European Biophysics Journal,10.1007/s00249-007-0156-0,,W2060112803,1,doi,in-universe
3DMRSF5R,journalArticle,2017,Hossu,Hossu; Ma; Zou; Chen,Spontaneous photon emission: A promising non-invasive diagnostic tool for breast cancer,Journal of Photochemistry and Photobiology B: Biology,10.1016/j.jphotobiol.2017.03.017,,W2601071565,1,doi,in-universe
DRKEW27H,conferencePaper,2007,Musumeci,Musumeci; Lanzano; Privitera; Tudisco; Scordino,Spectral analysis of photo-induced delayed luminescence from human skin in vivo,,10.1117/12.727696,,W1982846402,1,doi,in-universe
A2AHQ64H,journalArticle,2010,Sun,Sun; Wang; Dai,Whole-body biophoton emission and type 2 diabetes,Journal of Photochemistry and Photobiology B: Biology,10.1016/j.jphotobiol.2010.05.002,,W2030094317,1,doi,in-universe
6ZBLHGY7,journalArticle,2007,Zhang,Zhang; Wu,Biophoton emission measurement as a new method for evaluating meridian-visceral correlation in traditional Chinese medicine,Chinese Journal of Integrative Medicine,10.1007/s11655-007-0157-z,,,0,,new-to-universe
426BEHJ7,journalArticle,2023,Du,Du; Liu; Cao; Wang; Yang; Han,Ultra-weak photon emission as a potential tool for evaluating the therapeutic effect of traditional Chinese medicine in patients with type 2 diabetes,Heliyon,10.1016/j.heliyon.2023.e18494,,W4384937102,1,doi,harvested
P2344NNY,journalArticle,1992,Benschoten,Benschoten,Measurement of acupoint biophoton emissions via Omura's bidigital O-ring test with case studies,American journal of acupuncture,,,W2464845883,1,title~100,in-universe
CVIGKJCF,journalArticle,1986,Swinbanks,Swinbanks,Japan: Body light points to health,Nature,10.1038/324203a0,https://doi.org/10.1038/324203a0,W90704230,1,doi,in-universe
2F9G2SEM,journalArticle,2010,Rahnama,Rahnama; Bókkon; Tuszyński; Cifra; Sardar; Salari,Emission of Biophotons and Neural Activity of the Brain,,,,W1587710847,1,title~100,in-universe
YBKDRVZN,bookSection,2023,Scholkmann,Scholkmann,"Chronobiological Aspects of Spontaneous Ultra-Weak Photon Emission in Humans: Ultradian, Circadian and Infradian Rhythms",Ultra-Weak Photon Emission from Biological Systems: Endogenous Biophotonics and Intrinsic Bioluminescence,,,W4389669576,1,title~100,in-universe
9D2VAX8E,conferencePaper,2018,Iwasa,Iwasa; Kobayashi,Imaging and Spectral Analysis of Ultra-weak Biophoton Emission and Delayed Luminescence from Human Skin,,10.1364/cleopr.2018.w3a.131,https://opg.optica.org/abstract.cfm?URI=CLEOPR-2018-W3A.131,W2901647312,1,doi,in-universe
NY59XVXM,journalArticle,2021,Gabe,Gabe; Takeda; Tobiishi; Kikuchi; Tsuda; Haryuu; Nakajima; Inomata; Nakamura; Murase; Tokunaga; Miyaki; Takahashi,Evaluation of subclinical chronic sun damage in the skin via the detection of long-lasting ultraweak photon emission,Skin Research and Technology,10.1111/srt.13059,https://onlinelibrary.wiley.com/doi/abs/10.1111/srt.13059,W3161649687,1,doi,in-universe
JIFR3QKN,journalArticle,2008,Slawinski,Slawinski; Gorski,Imaging of biophoton emission from electrostimulated skin acupuncture point jg4: Effect of light enhancers,INDIAN J EXP BIOL,,,W2394747972,1,title~100,in-universe
6FSBIE3S,journalArticle,2008,Niggli,Niggli; Tudisco; Lanzanò; Applegate; Scordino; Musumeci,Laser-Ultraviolet-A induced ultra weak photon emission in human skin cells: A biophotonic comparison between keratinocytes and fibroblasts,INDIAN J EXP BIOL,,,W2308866,1,title~100,in-universe
VFDVQCWL,journalArticle,1995,Usa,Usa; Inaba,Spontaneous photon emission from human body,Medical Imaging Technology,,,,0,,new-to-universe
4DEK6EFA,journalArticle,2019,Mamani,Mamani; Shi; Nolan; Alfano,Majorana vortex photons a form of entangled photons propagation through brain tissue,Journal of Biophotonics,10.1002/jbio.201900036,https://onlinelibrary.wiley.com/doi/abs/10.1002/jbio.201900036,W2948573422,1,doi,in-universe
579EU5MF,journalArticle,2012,Salari,Salari; Rahnama; Tuszynski,Dissipationless transfer of visual information from retina to the primary visual cortex in the human brain,Activitas Nervosa Superior,,,W326765819,1,title~100,harvested
MKN6YIQL,journalArticle,1995,Amano,Amano; Kobayashi; Devaraj; Usa; Inaba,Ultraweak biophoton emission imaging of transplanted bladder cancer,Urological research,,,W2089153628,1,title~100,in-universe
JKH8ZQ85,journalArticle,2004,Park,Park; Koo; Kim; Yang; Yi; Yang; Koo; Lee; Soh,Effects of Han-Seo Meridian Magnetic Therapy on Biophoton Emission (International Conference on Mind Body Science: Physical and Physiological Approach joint with The Eighteenth Symposium on Life Information Science),Journal of International Society of Life Information Science,,,W623637536,0,title~100,in-universe
LFHYZAHQ,journalArticle,2004,LEE,LEE; YANG; YI; CHO; KANG; YANG; SOH,Biophoton emission from patients with a cold (International Conference on Mind Body Science: Physical and Physiological Approach joint with The Eighteenth Symposium on Life Information Science),Journal of International Society of Life Information Science,,,,0,,new-to-universe
XG7CVQNI,journalArticle,2002,Chen,Chen; Zhang; Kotake; Yoichi; Haraguchi; Kokubo; Kawano; Yamamoto,Temperature and biophoton changes of the middle finger during qigong and light imagery tasks,JOURNAL-INTERNATIONAL SOCIETY OF LIFE INFORMATION SCIENCE,,,,0,,new-to-universe
JDJ6XMSR,journalArticle,2004,Grass,Grass; Klima; Kasper,"Biophotons, microtubules and CNS, is our brain a “Holographic computer”?",Medical Hypotheses,10.1016/s0306-9877(03)00308-6,http://linkinghub.elsevier.com/retrieve/pii/S0306987703003086,W2168662633,0,doi,in-universe
JAZ5BW4G,journalArticle,2004,Soh,Soh,Bonghan duct and acupuncture meridian as optical channel of biophoton,JOURNAL-KOREAN PHYSICAL SOCIETY,,http://www.biontology.com/wp-content/uploads/2012/10/bonghan-ducts.pdf,W2364552902,0,title~100,in-universe
56NSXUIB,journalArticle,,van Wijk,van Wijk; van Wijk,Het eigen licht van de mens,,,http://tig.integralegeneeskunst.nl/TIG21-22_26_van_Wijk-_van_WIjk_-_Licht_van_de_Mens.pdf,,0,,new-to-universe
AF3STPB5,journalArticle,2002,Choi,Choi; Woo; Lee; Yang; Soh; Yang; Yoon; Kim; Zaslawsky; Chang,Biophoton emission from the hands,JOURNAL-KOREAN PHYSICAL SOCIETY,,http://meridianenergies.net/wp-content/uploads/2012/04/BiophotonEmissionfromtheHands.pdf,W2337122567,0,title~100,harvested
JIHQWP3V,journalArticle,2008,Wijk,Wijk; Wijk; Bajpai,Quantum squeezed state analysis of spontaneous ultra weak light photon emission of practitioners of meditation and control subjects,Indian J. Exp. Biol.,,,W69129819,0,title~100,in-universe
PP3KLRAM,thesis,2016,Ondrušová,Ondrušová,Measurement Optimization and Analysis of Selected Physical and Chemical Effects on the Ultra-Weak Proton Emission from a Human Hand,,,https://dspace.cvut.cz/handle/10467/64862?show=full,,0,,new-to-universe
8Q3I8KJB,journalArticle,2020,Jinno,Jinno; Hirata; Watanabe; Hatakeyama; Akiyama; Takahashi; Kobayashi; Mori,Extremely weak light emission during the healing process by biophotons emitted from wounds irradiated with atmospheric pressure plasma,Japanese Journal of Applied Physics,10.35848/1347-4065/abb718,https://doi.org/10.35848/1347-4065/abb718,W3086092516,0,doi,in-universe
JMQR3FPR,journalArticle,2021,Gabe,Gabe; Murase; Kasamatsu; Osanai; Takahashi; Hachiya,Exploitation of long-lasting ultraweak photon emission to estimate skin photodamage after ultraviolet exposure,Skin Research and Technology,10.1111/srt.12944,https://onlinelibrary.wiley.com/doi/abs/10.1111/srt.12944,W3092282708,0,doi,in-universe
ECQRUWKY,thesis,2006,Cifra,Cifra,"Measurement of spontaneous photon emission from the human body: technical aspects, parameters, time and temperature dependent fluctuations of photon emission",,,,,0,,new-to-universe
UCDUKV6Z,journalArticle,2012,Petersen,Petersen; Philipsen; Wulf,An explorative study of non-invasive ultra-weak photon emission and the anti-oxidative influence of oral zinc sulphate in light-sensitive patients with erythropoietic protoporphyria,Skin Research and Technology,10.1111/j.1600-0846.2011.00586.x,https://onlinelibrary.wiley.com/doi/abs/10.1111/j.1600-0846.2011.00586.x,W1977870833,1,doi,in-universe
7GLH3LX6,journalArticle,1993,Niggli,Niggli,Artificial sunlight irradiation induces ultraweak photon emission in human skin fibroblasts,Journal of Photochemistry and Photobiology B: Biology,10.1016/1011-1344(93)80076-l,https://linkinghub.elsevier.com/retrieve/pii/101113449380076L,W2012503783,1,doi,in-universe
CB3QAB9C,journalArticle,2023,Tsuchida,Tsuchida; Sakiyama; Ogura; Kobayashi,Skin lightness affects ultraviolet A-induced oxidative stress: evaluation using ultraweak photon emission measurement,Experimental Dermatology,10.1111/exd.14690,https://onlinelibrary.wiley.com/doi/abs/10.1111/exd.14690,W4306729560,1,doi,in-universe
QLD7EIKA,presentation,2000,Inaba,,Measurement of biophoton from human body,,,,,0,,new-to-universe
UZJGCDCH,journalArticle,2023,Van Wijk,Van Wijk,Intercellular Dynamics: Ultra-Weak Biophoton Emission as a Novel Indicator of Altered Cell Functions and Disease,Journal of Lasers in Medical Sciences,,,,0,,new-to-universe
JAB8PE2T,journalArticle,2005,Niggli,Niggli; Scaletta; Yu; Popp; Applegate,Laser-ultraviolet-A-induced ultraweak photon emission in mammalian cells,Journal of Biomedical Optics,10.1117/1.1899185,,W2095812481,1,doi,harvested
W47UWYMV,journalArticle,2010,Mannerling,Mannerling; Simkó; Mild; Mattsson,Effects of 50-Hz magnetic field exposure on superoxide radical anion formation and HSP70 induction in human K562 cells,Radiation and Environmental Biophysics,10.1007/s00411-010-0306-0,http://link.springer.com/10.1007/s00411-010-0306-0,W20582429,1,doi,in-universe
DUZMXHF7,journalArticle,2013,Hossu,Hossu; Ma; Zou; Chen,Enhancement of biophoton emission of prostate cancer cells by Ag nanoparticles,Cancer Nanotechnology,10.1007/s12645-013-0034-7,http://www.cancer-nano.com/content/4/1/,W2021707375,1,doi,harvested
URDTRCWT,journalArticle,2005,Musumeci,Musumeci; Applegate; Privitera; Scordino; Tudisco; Niggli,Spectral analysis of laser-induced ultraweak delayed luminescence in cultured normal and tumor human cells: temperature dependence,Journal of Photochemistry and Photobiology B: Biology,10.1016/j.jphotobiol.2004.12.002,https://linkinghub.elsevier.com/retrieve/pii/S1011134404001939,W2054078053,1,doi,in-universe
8R75JYMX,patent,,Unknown,,Apparatus and method for counting biophotons from hands to diagnose health condition,,,https://www.rexresearch.com/biophoton/KR20050013375.txt,,0,,new-to-universe
FBTSY5X7,patent,,Han,,Device for quantitative determination of traditional Chinese medicine syndrome using human biophoton radiation,,,https://patents.google.com/patent/CN201861626U/en,,0,,new-to-universe
LVZ395CU,patent,,Unknown,,Device quantitatively measuring TCM “syndrome” by human biophoton radiation,,,https://www.rexresearch.com/biophoton/CN201861626.txt,,0,,new-to-universe
5TSP89ME,patent,,Shandong Provincial Pharmaceutical Biological Tech Research Center,,System for early screening of breast cancer using organism biophoton radiation,,,https://patents.google.com/patent/CN106236022A/en,,0,,new-to-universe
